GGGAAGGG,70813,70821,lagging,GTTTCTTTCGCCCGGATGAAGCGCACCAGCCGCATTTCAGCGACCTGTTTGGGCAAATCATTAACGCCGGGCAAGGGGAAGGGCGCTATTCGGAGCTGCTGGCGATAAATCTGCTTGAGCAATTGTTACTGCGGCGCATGGAAGCGATTA
GGGAAGGG,111311,111319,lagging,TTTCGCTATTTGAAAAACTGGAATATGAATTCCCGGACAGGCATATAACACTGTGGTTTTGGCTGGTCGAACGCTGGGAAGGGGAGCCGTGGGGTAAAGAAGGGCAACCCGGTGAGTGGATGTCGCTGGTCGGTCTTAATGCCGATGATT
GGGAAGGG,117701,117709,lagging,GAAAGCAGATTCCGAGGTTTTTTATTTCGTTGCAGCGAAAGACAAGAAATTTGCGAGGCGTTACGAAGAAAGTTGGGGAAGGGGAGATTATCCGCCCGCGATGGAGCGGATAAATCTGTCAACTATTAGCGAAAACGCATTGAAAGGTCG
GGGAAGGG,182333,182341,lagging,CACTCAACATTCAGCGCGGCGACAGCACCATCTACCTGTTAATGCAGTAATCTCCCTCAACCCCTTCCTGAAAACGGGAAGGGGTTCTCCTTACAATCTGTGAACTTCACCACAACTCCATACATCTTCATCATCCTTTAGGCATTTGCA
GGGAAGGG,187624,187632,lagging,TGTTTCATCACGCAGGTCGATTAGCGTACCGCGTAGCTGAAACTCATCGTCGATTGGACGTGGTTTTTCGTCGGCGGGAAGGGCGAGGATGGCTTCATCGAACAGTTGCAGCAGCATCTGGTTGAGTTCACTGACGCGGCGTGTAACGCG
GGGAAGGG,249694,249702,lagging,TACGCACGTCATGGGCGATATCGCCGTTGTCGCTGACGCGGGTGACGATAATCGCCGCCGCGGTGGAGAGCAGCAGGGAAGGGATCTGCGCCACCAGGCCGTCGCCGATGGTCATCAGCACATACTGCTGGAAGGCAGCATCGGCGCTCA
GGGAAGGG,321495,321503,lagging,TGATGGAAGTCCGCCCTGAGTATTTAATTGGTGCTGACGTGAGTTGCCTGCTAAACATCAGTGGGCGATTACAACGGGAAGGGCAGAAAGTCAAAGTGATGCATATTGCTGAAGTGTTGATGAGCCGCTGAGGATATAAAGATGTCGATC
GGGAAGGG,363988,363996,lagging,TATTCGCAAAGGATCAGCGGGCGCGTCTCTCCAGGTAGCGAAAGCCATTTTTTGATGGACCATTTCGGCACAGCCGGGAAGGGCTGGTCTTCATCCACGCGCGCGTACATCGGGCAAATAATATCGGTGGCCGTGGTGTCGGCTCCGCCG
GGGAAGGG,365381,365389,lagging,GCCAGCTTTCCGGCACCGCTTCTGGTGCCGGAAACCAGGCAAAGCGCCATTCGCCATTCAGGCTGCGCAACTGTTGGGAAGGGCGATCGGTGCGGGCCTCTTCGCTATTACGCCAGCTGGCGAAAGGGGGATGTGCTGCAAGGCGATTAA
GGGAAGGG,453948,453956,lagging,TTTACAGTACTTTAGCGGAGGAACTCTCTACTACCGTTCATGCGCTGGCTCTGCATACTTACACTATTAAGGAGTGGGAAGGGTTGCAGGACACCGTCTTTGCCTCTCCTCCCTGTCGTGGAGCAGGAAGCATCGCGTAAAAACGCATTT
GGGAAGGG,514786,514794,lagging,GCGGCGCGTCAATCACCTGAATAAAGCACACGGCGTCGATGGTAACGTTGGCGTTATCTTTCGAGATAACTTCCTGGGAAGGGATATCGAGCACTTGCTCCATCATATTGATCTTGCGACCAATGCGATCCATAAACGGCACCACCAGAC
GGGAAGGG,541982,541990,lagging,AACCGGGCATTGAAATTGTGTTGAATGCGGTCAATCTTGCGCAGGCAGTGCAGGGCGCAGCACTGGTGATTACCGGGGAAGGGCGCATCGACTCGCAAACGGCAGGCGGTAAAGCGCCGCTGGGTGTGGCGTCGGTGGCGAAGCAGTTTA
GGGAAGGG,680257,680265,lagging,AAGCATTAATTGCTGGTGGCTCGGAGAGAGGGTTGATTTATACCCAATTCGTTGCCCAAACCGCTATGTGCTGTGGGGAAGGGGGAATCAAAGCCTGGGATTATGTTCGAATGGGGTTTCTGTCACGGGTCGGTGTGCTCAACAAGTGGC
GGGAAGGG,686314,686322,lagging,CCCACAAAATACCAATCACTACCGCCGTGACGGTGATTTTCAGGGTGATCACCAGCCCGTCGAGCAGATATGGCAGGGAAGGGACAATGGAACTCCAGTCAAACTCGTACATTATTTGCCCCCCATGTTGCCAGGCAGGCGAACTTTACG
GGGAAGGG,690683,690691,lagging,GGAATATCGCCCTGAACCATCGAAACCTGAATGGTTTTCTCCGGTTGTGGGGTAAACCACTGGATGTAACGCAGCGGGAAGGGAAGGGCAAACAGCACGACGGCCACCACCAGCGGACGCCAGTTGCGTTTGACCAACGCCAGTGCCAGC
GGGAAGGG,740415,740423,lagging,GCGCGGTGATGACCGGTAATCACGAGATGTACAAAGTCTTTACGCCTTTTAAGAATGCCTGGCTGAAACGGCTGCGGGAAGGGATGCCGGAGTGCGTCGCTGCGCCAAAAGTTCGTAGTAGCGGATCGATAGAGCCCTCGCCATCCATTA
GGGAAGGG,911527,911535,lagging,CTGCAACCGTTTGTTTCATGGTTCTCCATCTCCTGAATGTGATAACGGTAACAAGTTTAGTTCATCTGACGGAGGGGGAAGGGATGGGAGAGAAAGGAGGCACTAACGGTTAAATAGCCCGATGAAAGGAATATCATCGGGCATAAGGCG
GGGAAGGG,927808,927816,lagging,CCATTAACAGGCGCGCAGGGCTAAGATCGCCCCCAAGTGCCAGCAGGCCGTTAGGCTCACGTAATGCGCCTTCCGGGGAAGGGAAGGCTATTGAATGGCGAGAAAGCTGAACCAGGCGCATGACCGCAAAACTCCACGCAAGTCGGATCG
GGGAAGGG,947854,947862,lagging,TGGGTGTTTATCTTTGCACTCTATTTCACACCTTATGCGCTAATTGTTGGTCAGTTAGGCTCGACCTTCAAAGATGGGAAGGGCGGGGTCAGTACCTGGATTAAACACACGATGGGACCCGGACTGGCTTATCTCGCCGCGTGGACCTAC
GGGAAGGG,1037441,1037449,lagging,CGTTGGGCGAGGTGCTGGCAGTCGATCTGTTAAATCTCAACGCCGACGATCGTCACTTTATCAATACGCTTCTCGGGGAAGGGGAAGTGTCAGTGCGCATTCAGCAGGCTGACGACAGTGAAAGTGAAATACAGGAGGCGATCTTCTGCG
GGGAAGGG,1057403,1057411,lagging,TGCAGGAGATGCTGGAACGCCATCCAGAAATCGACGTCGTTGCCGGAACGGCCATTGCGGCAGAGGCGGCAATGGGGGAAGGGCGTAACCTGAAAACGCCGCTTACCGTGGTGTCGTTTTATCTTTCACATCAGGTGTATCGCGGGCTGA
GGGAAGGG,1082161,1082169,lagging,CAGTCGATAGCGCATTGCAGCGTGGAAATCATCATGGCTGGGCGCTGGTGATGATGGTCTTTTTTGCCGTTGCAAGGGAAGGGCTGGAGTCGGTCTTTTTCCTGCTGGCGGCATTTCAACAAGATGTCGGGATCTGGCCGCCGCTGGGTG
GGGAAGGG,1084425,1084433,lagging,CCCAGGACACGGTTATCCATGCGCTGCGCGATATCATCAAACACACGCCGGATTTGCTCAGTGTGCGCTGGAAGCGGGAAGGGTTTATTTCCGATCACGCGGCGCGTAGTAAAGGCAAAGAGACGCCGATTAATTTGCTGGGTTTCAAAG
GGGAAGGG,1156265,1156273,lagging,ATACCGCCAATACCACCGATGTCGCGTTACTCAAGCGAGCGCACAAGAAAATGGTGAAAGCGGTCGATAGCGCCTGGGAAGGGCGTGCGGACGGTCTGCCTTATAAAGATAAAAACCAGTTGGTGACGATGGCATCAATTATCGAAAAAG
GGGAAGGG,1219721,1219729,lagging,CGCCTGAAGAGATCCTGCGACGGGCAATAAATAATGGGGAGATCGTCCCTTTTTACCAACCTGTGGTAAATGGTCGGGAAGGGACATTGCGGGGAGTTGAGGTGTTAGCCCGCTGGAAACAACCTCACGGTGGATATATATCACCCGCGG
GGGAAGGG,1276612,1276620,lagging,TATTAAGTTTGACGCCGGGCGCACAAGCCAACAGCGCGGAGGGCTGGACGCTGATCATGCCTGACTGGCAGAACGGGGAAGGGGCAAGCAATCACTGGCGATTGTCTGTGGTGGTGGAAGATAACCAGGGGCAGCGTGTCTCCTCCAATG
GGGAAGGG,1351866,1351874,lagging,GCTTTTGCCGGTGATGTGGCGTTGTTCCATGGGCGCTCCTTGGTCGTAAAGGAAATCGTTATCCTGACGCAAGGCGGGAAGGGGAGAAAGACGGATCGGCGATAACAAATATCAGAAAGGTATAACAGAGATAACGGGCGGCAGAACGCC
GGGAAGGG,1407888,1407896,lagging,CGCTGCAGCTTGATAATTTCCTCACCACCGGATTTCTCGACATCATCCCACTAAGTCAGCCGCTGGAGTTTCGGCGGGAAGGGTTGCAACATGGGGTGCTGGATAAGCTGCGCAGTGGTAAATATCCGCAACAGGCGAGCCTGAATCTTT
GGGAAGGG,1558389,1558397,lagging,TTTTAAGCCCACAGGAGAGCAACAATGACAATCCATAAGAAAGGTCAGGCACACTGGGAAGGCGATATCAAACGCGGGAAGGGAACAGTATCCACCGAGAGTGGCGTGCTGAACCAACAGCCGTATGGATTTAACACGCGTTTTGAAGGC
GGGAAGGG,1565978,1565986,leading,GCATTGTGAGCAGTGGAGAGCAAGTAATCGCGGTTTTTACCCAGGTCGTAGCTGATGCCAATACTCAAGGTAAGCGGGAAGGGTTTATCGTCAATCATTATCGGCTTGCTGACCACATTCCGTAGCTCATCGGCGATTTGGGTAATGTTA
GGGAAGGG,1589125,1589133,leading,GTAATATAGAGTTTTAACGGTAATGGCATCGGTGTCTTATCACCAATATCCAATACGTTGGTATTTGTCGTCAACGGGAAGGGGTAGGTCACATTATTCCAGTACAGCGATCCTTTATATGACTGTAGGGAGCCTGCGAAAGCTGAGCCT
GGGAAGGG,1783090,1783098,leading,AAGTCGTCCCTGCCCTGATTAGCCAGTTGAGCCGCTAATTCCCCTTTCAACCACATCTCCCGCTGTAAACGCAGCGGGAAGGGAGCATAACGCATGTCGGATGACAAATTTGATGCCATTGTGGTCGGTGCGGGCGTTGCTGGTAGCGTT
GGGAAGGG,2377850,2377858,leading,CGCTAAGCAAAGCCTATGCCTTGCTCAGTATGAGTTATGTGCTGGTATGGATTGCTTCAATGGTACTTCCCGGCTGGGAAGGGACTTTTTCGCTGAAAGCACTACTGGGAGTAGCCTGTATTATGAGCGGGTTGATGCTGATTTTCCTGC
GGGAAGGG,2405614,2405622,leading,AGGATCGCCGGAACGTTACACAGGGTTTCGACGTTGTTGACACAGGTCGGTTTACCCCATGCGCCGGAGGTTGCCGGGAAGGGTGGCTTCGAGCGTGGGTTAGCACGACGTCCTTCCAGGGAGTTGATTAACGCTGTTTCTTCCCCGCAG
GGGAAGGG,2524204,2524212,leading,TTGAAGTATTGCTGGTGACACTGGCGAAAGAGATGACGCCAGTTGAACAAAAACAGTTTACATCCTTGCTTCTGCGGGAAGGGATTATCGGATTGTTACAACGCTTAGGGATTCGCGATAGCAAATAATATGAAAAGATTACGCAATAAA
GGGAAGGG,3711209,3711217,lagging,CAACAGACTCTGCTTTTGACACACAATATCGACACTCTGGGGCAGATGAGCTGCAACCCGGCGATCGGCGGTATTGGGAAGGGACATCTGGTAAAAGAAGTGGATGCACTCGGCGGTCTGATGGCGAAAGCGATCGATCAGGCGGGTATC
GGGAAGGG,4035359,4035367,lagging,AATAGCGCCAGCTGCATACCATGCATCAGCACGGTAAAAATCAGCGCCACGTTAACGAAGATATTCAGCGGGCGTGGGAAGGGATGCACCAGGTTGAGGATTAAAAATCCCCAAACGCAGAGCATTAACAAACGACCAATATTAATCAGC
GGGAAGGG,4154381,4154389,lagging,CCTCTGTTATAAGCTTTCTCCAGAGCCAGATAACGCCGCTGTCTCTGGATTGCCGAAATATGCTTCCCGCTACCTGGGAAGGGGCTATCAACTGTACTGCACGGTAATGTGACGTCCTTTGCATACATGCAGTACATCAATGTATTACTG
GGGAAGGG,4164818,4164826,lagging,AGGCGAGTAGTGCTTTTCAGTTTGCGCAGGCGCTGATAGCAGATGGCCATGAGTTAAGCAGCGTCTTTTTCTATCGGGAAGGGGTCTATAACGCTAACCAATTGACCTCTCCGGCAAGTGACGAATTTGACCTCGTACGGGCCTGGCAAC
GGGAAGGG,4241368,4241376,lagging,CTGCGCCCATTGGTCCGTCGCAGTCGGATTTCGGTGGCGTAGGATTATTACAAACGCCCACCGCGCGTATGGCACGGGAAGGGGAGTTGAGTCTGAACTATCGCGATAACGATCAGTACCGTTATTACTCAGCTTCAGTGCAACTCTTCC
GGGAAGGG,4267025,4267033,lagging,CACCGCTGGCAATCAAAGAGAACAGTTCATTACTGGCCTCGGTTAATTCCTCCCGCGTGGTGATATAGCCTTGCAGGGAAGGGCGTGTCACATACAACGAGCCTTTTTGATTGAGAATGCCTAAGTTCACACCGGTAACCGCACCTGATG
GGGAAGGG,4286828,4286836,lagging,GAGTTTATTTGTTTAATATTATGGGAAAAGGTGATGCATTTGGGAGAGGAAGAGTATTCCCCGGTCAGACGACCGGGGAAGGGGAGAGATTAATGCGCGCGGCCTTGCTCAACGCCAAAGCCGGTCTGGGAGCGGATAAACTGCGCGCGG
GGGAAGGG,4404796,4404804,lagging,ACGATGAAATGGTTTATCGAGGTGTTTGCGCCACGAGACAGTTGGCGAAGCGGCAGATAACCTGGCTGCGTGGTTGGGAAGGGGTTCACTGGCTTGACAGTGAAAAACCAGAACAGGCGCGTGACGAAGTATTACAGGTTGTTGGTGCTA
GGGAAGGG,4464626,4464634,lagging,TGCCTGCACTCAGGTAACAGGGAACTTATCATCGCAAATGATGCACCACCTGATTGCTGCTGCCGCGCCAGATCAGGGAAGGGTCTTTTAAATCCTGCACAAATTTGCCGTCGACCAGCACGTTAATCAAATCAACAACCTGCATTTGCG
GGGAAGGG,4470403,4470411,lagging,ACCAGCAAATACCGACCGGCAGGTAGAAGAAGATCGCTTCACCGATCAACCACAGAAAATCGTAGATCGTTTGCAGGGAAGGGTACATTTGCGCCAGCGTCTGACCGTTGCTCATGGGCAAATCGCCGATCACATTGCGAAAACCGAGGA
GGGAAGGG,4471772,4471780,lagging,CTGACAACGAATCCAGACGGGTAACAATGATGGCGACCACTTTATCGCTTTGCCCACGCATAGCGCGCGCAGAGCGGGAAGGGGAAAATCCATGCTGATTCATCACTGCTTCAACACGCTCGCGGGTGAGCTGGCTCACGCCGCTTTCGT
GGGAAGGG,4563782,4563790,lagging,CAGAGATGGCGCATTTCACGCCAATCACACGATCGATAATCGCCACGTCTTTTTCCACGGAACCCGTAATGGTGCGGGAAGGGACATGATAAGCGCCGGTCAGCATCCAGGCGCTGATGCCTTCTTCATTGAGCGCACGGGTCTTGGCGA
GGGAAGGG,4600452,4600460,lagging,AGTGGCTGAGAATATGACGCACTGTGGTGCGGCTGATGTTGTACATTTCCGCCAGCGCACTTTGCGATGGAAGTGGGGAAGGGATATGACCCCGCGCCATATCATCAATGACCTGGTTAATCACATTGTGGCGTAAATTTTGTGAACGAC
GGGAAGGG,4607859,4607867,lagging,CGTTTTTTAATGTTAACAAGCTAAAACCATCAGATTTCATTGAATAAATATTGGTTGTGTGATTTTGCATTCTGCGGGAAGGGATATCATTTAATTATAAATTAAATGAATGTGATTTCTGTTTTTCATTAAGTATTCCTAACAACTTAA
GGGAAGGG,4613103,4613111,lagging,GATTACGCAAGTGGTGCTGGATGAAGCTACATTGTTCAATATTGCGGTCGATCCTGACTATCAGCGTCAGGGATTGGGAAGGGCGCTGCTGGAACATCTGATCGACGAACTGGAAAAACGCGGCGTGGCGACACTATGGCTGGAAGTCCG
CCCTTCCC,266956,266964,lagging,CAACATCTGATACGAACTGGTTCCATCGTGAGAGTTGAGTAGAATAATTTCCGGCACCTGTTTACCGGTGATCTGCCCTTCCCGCCGCAGACGCAGCATATGCTTTGTATGTTCACGACGACCCGGGTCACGCACGCGGGTCTGACAGGC
CCCTTCCC,323859,323867,lagging,TGTAAATATCCTGGTATTACCAATGCCAGGATATTTACAGTGAAAAAGACAGGCATCCATTCCTGAAAACGGGTTCCCTTCCCGGTCATTGTCACTTCAGCTTTATACAGGCACTCTCTATCAGAATGTTGTTTATTACTGCCCAGAGTT
CCCTTCCC,403455,403463,lagging,TTTCCTGCCTTGTCACCCTCGAGCTGACGGGCATTACCGTGTCGTTCAATAGTGCGCCGCTGGAATGGTGGCTCTCCCTTCCCATTATTGTCATTTATCCTCTGCTGTTTGGCTGGGTCAGCTACCAGACGGCAACCAAACTGGCGGAAC
CCCTTCCC,618762,618770,lagging,GCAGCGCAGACCATAAATGCGCTCAATCAGTTCAGCAGTGACAATCTCCTTCGGCGCTCCCTGAGCAACAATTTTCCCTTCCCGCAATGCAATCAAATGGCTGGCGTAACGACAGGCCTGATTAAGATCGTGCAGCACCGCCGCCAGGGT
CCCTTCCC,633882,633890,lagging,GATGTTGAGTTTTGCCAGTGGCTGACGCAGGAGCACGGCGTAGCGGCGATTCCGCTGTCGGTGTTTTGCGCCGATCCCTTCCCACATAAACTGATTCGTCTCTGTTTTGCCAAGAAGGAATCGACGTTGCTGGCAGCAGCTGAACGCCTG
CCCTTCCC,1147608,1147616,lagging,CAGGCCGCCAGCACCGATTGCCGGATGCGACGTAACCACATCCGGCGCAAAAAACTATCCCATCAGCGGGTTTTTCCCTTCCCGACGTAACATCTGACACAGCGCGATTAGCGGTAAACCAACCAGCGTGTTAGGATCACGCCCCTCTAA
CCCTTCCC,1289049,1289057,lagging,CTCACCCTTCGGGCCGTTGCCTGTGGCAACGTTCTCTCGCTTTCGCTCGAATCGAACCTTAGTCGAAGGTTCTCACCCTTCCCCGATGAGTGCAAACTTTCACAATCTCACCGAAGTTACCACATCGCTGTGGTGAATTATGGTGGTGGG
CCCTTCCC,1595471,1595479,leading,TTGATGGGATCGGGTGTATCCGCTGGCGTTACGCCGTCCCATTTACTGGTCAGATACCAGTTTTTCTCGTCATTCCCCTTCCCTTTAGCCAGCGTGTAGACGTAAGCCCCAGCTTCGACAGTTCCGGTGGTCAGCGCGAAGTTACCTGCA
CCCTTCCC,1596252,1596260,leading,ATGTTGAATTGCCCCACAAAGCGGCTATTATCGCCATCCAACTCTACATCTGTCCTGGCGGTTGCGCTCACGATACCCTTCCCGCTTATGCTATTACGCAGTTCGCCAGTCACGTTTTTTAGCGTTAACAGACCGTCATTGGCAATATTT
CCCTTCCC,1691862,1691870,leading,CCCATTGCCGGGAAAGAAAATCCGTGGATTAAAAGCGGTCAGAGCGTCATCTTCAACGAATCGGTTGATCATGGTCCCTTCCCGCTTGCCCAGCTTAAAAAACTGAACCTGATCCCGTCGATGGCATCAATTCAAACCACGCTGGTTAAT
CCCTTCCC,1742593,1742601,leading,ATCCTGATCCCATTCTGTGTGATGGCGATTGCCAATGGCGCGATCTACCCTATTGTTGTCGCCCAGGCGCTGCGTCCCTTCCCACACGCAACTGGTCGCGCCGCAGCGTTGCAGAACACTCTTCAACTGGGTCTGTGCTTCCTCGCAAGT
CCCTTCCC,1761484,1761492,leading,GGCTTCAAACCGCCATGGTGCTTTGGTCCAGGTAGTGCCTTCACTCAGGCTGACGGTGGCGATCATAGAACCGCCCCCTTCCCACGGCGGCATCTCCTGCAACAAGGCTTCTTTCACATAAAGAATGCCAATTCCGGTGGGGCCATACAG
CCCTTCCC,1850228,1850236,leading,GGCTTTGTCGATAGCTTTGTCATCACTACCGGCAGCAATCGCCCCCTGTTCCAGTACGGCGCTGAAACGCTCGCGCCCTTCCCCTTCAATCACAAAAAAATGCCACGGTTGCATGGACTTATGGTCCGGCGCACGCATACCCGCACGCAG
CCCTTCCC,1886168,1886176,leading,TCACTCTGATCCCGCTTTCCATCTTGTTTACCGGTGCTTCGCTGGAAACGATGAAAACCACCGTCGTGCTCACAGCCCTTCCCTTCCTCGTCATTTTACTGGTGAAAGTCGGCGGGTTTATTCGCTGGCTGAAACAGGATTACGCCGACA
CCCTTCCC,1893377,1893385,leading,CAGTGGATCATCCGGCGAGGTAAACGGCAATTTGTCGATAATTACCAATGACAATGTATCGCCACGCACGTCCACCCCTTCCCAGAAACTGCTGGTTGCCACAAGAAGCGCATTACCGGCGCTGACAAATTGCTGCAACAGTTGCCCTTT
CCCTTCCC,1897514,1897522,leading,GATTTAATGCGTAATGATATCGGTCGTGTTGCCGTAGCAGGTTCGGTAAAAGTACCAGAGCTGTTCGTGGTGGAACCCTTCCCTGCCGTGCATCATCTGGTCAGCACCATAACGGCGCAACTACCAGAACAGTTACACGCCAGCGATCTG
CCCTTCCC,1935127,1935135,leading,CACTTTTGTCCCACCATGATGAGAGAAAGGTTGTTCGAAGGAAGCGATCACATTGCTGTCGAGTGATTTTTCCGCCCCTTCCCGCCAGTCCAGTTCACCATTATTCAGCCATGGTTCAAGGGTATAACGAGACAGACCAAAACCTGCCAC
CCCTTCCC,2032292,2032300,leading,TGCGATTGAGATGCTGGCGGCAGGCGTGGTGTTAATGATCGCGTCGATGATTGCGGGTGAAAAACTGACGGCGCTCCCTTCCCTTTCAGGCTTCCTTGCGGTCGGCTATCTGGCGCTGTTTGGTTCGATTATCGCCATCAACGCTTATAT
CCCTTCCC,2045833,2045841,leading,GTTCAAGTGACGAGTTTGCGAGCAAAACGATGATTAAGTGGCCCTGGAAAGTACAAGAATCAGCACATCAAACTGCCCTTCCCTGGCAGGAAGCACTATCGATCCCCCTTTTAACGTGTCTGACGGAACAGGAACAAAGCAAATTAGTCA
CCCTTCCC,2048145,2048153,leading,GATGAAGTGGCCCTGTTCGATAAAGACGATCGGCAAAGTAATCCTCATGCCATAACCGCTGGACTTAACTATACCCCCTTCCCGCTGATGACCTTCAGCGCGGAGCAACGCCAGGGTAAACAGGGCGAAAATGACACCCGTTTTGCCGTC
CCCTTCCC,2158091,2158099,leading,CGGCCTGACCAGCGAAACCGTGCGCACCGCCATTACCGGCGCTAACGTTAACTCGGCAAAAGGTAGCCTCGACGGCCCTTCCCGTGCGGTCACGCTTTCCGCGAACGACCAGATGCAATCCGCCGAAGAGTATCGCCAGCTAATCATCGC
CCCTTCCC,2163694,2163702,leading,GCACCCGTTGGCAATTGTGGATTGTGGCTTTCGGCTTCTTTATGCAGTCGCTGGACACCACCATCGTAAACACCGCCCTTCCCTCAATGGCGCAAAGCCTCGGGGAAAGTCCGTTGCATATGCACATGGTCATTGTCTCTTATGTGCTGA
CCCTTCCC,2212776,2212784,leading,GACTTTGTGCCACCACTCAGTCTACGGAAAAAGAAGAAGAGTGGGATCCGGCAATCTGGCTGGAAGAACTGGCTACCCTTCCCGATGCTACCCGCAAACGCGCACAGGCGCTGGTCGCTAAAGGCATCACCATTGAGTTGTTCTGTGCGC
CCCTTCCC,2278939,2278947,leading,CTGGAAAATAACGGCTGGGTACTGTGGGCACCGATTCGCTTTGGTGCTACCAGTATCAACTTTGCTACCAATAAGCCCTTCCCTTCTCCACCCTCCCGGCAAAACTGGCTGGGAACGGATGCCAACGGCGGCGATGTGCTGGCACGCATT
CCCTTCCC,2279809,2279817,leading,TGGCGAAACGCTGGCGCTGGTGGGTGAGTCAGGTTCAGGCAAAAGCGTTACCGCGCTGTCAATTTTACGCCTGCTCCCTTCCCCGCCGGTTGAATATCTCTCCGGCGATATTCGTTTTCATGGCGAATCGCTGCTTCACGCCAGCGATCA
CCCTTCCC,2313905,2313913,leading,AAGGAAGCTTTTAAACTGTGGTGACATCCAGGTTTTAAAGCTATCGCCTTCTTTGGTGATCATATAAACCGCCAGCCCTTCCCGGCGAACAACCTCTTTAGCTTTCTCCGGCCCGAGTACCATCAAGCCAGTATCCCAGGCATCGGCTTC
CCCTTCCC,2353239,2353247,leading,TGAGTAACTTCCAGCTCTGATGGCCCGCGTTACCCTGCGCATCACTGGCACACAACTGCTGTGCCAGGATGAACACCCTTCCCTTCTGGCGGCGCTGGAATCCCACAATGTGGCGGTTGAGTACCAGTGTCGCGAAGGTTACTGCGGCTC
CCCTTCCC,2531396,2531404,leading,CAAATTTAACTTCTGATTGATTACTGCCGGGGCTCCCGGCAGTATGAATTCACTCTATATCTGATACAACGGATCCCCTTCCCGCCCAGCCATTAGCGCATTGCCCTGGTCTCGTACCACGTCCCATAAAGCTTCAGCGGCGGTGGAAAG
CCCTTCCC,2590306,2590314,leading,TTATCAGCAATTTTTCCATGAGGTGTAGTCTATGTCGTGCCCGGTTATTGAGCTGACACAACAGCTTATTCGCCGCCCTTCCCTGAGTCCTGATGATGCAGGATGCCAGGCTTTGTTGATTGAACGTTTGCAGGCGATCGGTTTTACCGT
CCCTTCCC,2678749,2678757,leading,CTGCTGCGGCTGTCTGGCATCAAGATGCTGCCAGGCGCGTAATAACTGGTTGAGGATAAACTGACTGGTGACCTTCCCTTCCCCGCCTTCCCACGGGTGGAATTTGCGCGTGGCGAGAATGTCCGCCGCTTTGTCTGCCTGACCCGTGAG
CCCTTCCC,2680801,2680809,leading,GATGGGGAAAGCGGAGACGGCCCGTTTGCCGTGATCAAACACCGCCGTTACATCCGGCGGGAAGACGCTCTGATGCCCTTCCCCCCCTTTCACTGCCGGGTTGGCCCACCACAAGAAATGACGCGGCGTGGCGTTCCCGTTATAGACGCG
CCCTTCCC,2689112,2689120,leading,TAACCAAAGAATACGTTGCCCAACCGAGCGTAACTCGCTCGGTCCACTGAACGAGACGCTATTGCCCAGAGAACGCCCTTCCCCCAGACGGTTGATCATGCGCTCGATATTTTTCACCGGCCCGATAATCATCCGCGTGAAAAGCAGTAC
CCCTTCCC,2723116,2723124,leading,GATTTGGCCTGGGATGTCGCCGGTGCAAGCACCGGCTATACCGTCTGGCAACTGACCCGTCACTAAAGACGCATCCCCTTCCCTTTGCGATGTAGCATCAAAGAAACCAGAAACGCCACCACGGCCATCAAGGTCACATACCAGAAGAAG
CCCTTCCC,2863114,2863122,leading,AGCAAAACCATCTGACACTGGCGCTGTTCAATACCGCTCCCGGAGATATTAATGCGGGGGAATGGGGATTATCCGCCCTTCCCGGACGTGAGCACGAAGCACACGCAGACATCGACCTGGCACTGGAATATGCATTGGCGCTCAATTGTG
CCCTTCCC,2870001,2870009,leading,CGTGGAGGTAAGTGAGATTATCAAACTCAATCATTTTGTTGCCTTAATGAGTAGCGCCACCGCTTCACAGGCAATCCCTTCCCCACGTCCGGTAAATCCCAGTTTTTCCGTAGTAGTGGCTTTCACGTTAACATCATCCATATGGCAGCC
CCCTTCCC,2890188,2890196,leading,CGCGGTGTTTTCCAGCTTTGGCGCTTTTTTGGAGAACAGGAACTTATGCAGCGCGACGGCTTCTTCCGGCGGTTCCCCTTCCCCTTGCGTTGACGTCACTACGATGAGCAGTTTTTCGCTGGCGATTTGTTTGAATTTATAGTCGCCCGC
CCCTTCCC,2949776,2949784,leading,CGGATGACGATGAATTTTGCGCTTCTGTTGCATAAACTGCTCAATTCGCTCATTCAGTCCAGCCACGCCAAACGGCCCTTCCCGCAGGGCGCACAAAAGCTGGTACTCATTGAACGCCTGAATGATTAAATCCGGCTCGGCACGCGCTTG
CCCTTCCC,2970195,2970203,leading,TGTTTCGCAAATTATTGAACGTTAACAAATAAGGTCAGCATCCGGCTGGCCTTAAGATTTTTCTCTTTCCCTTTTCCCTTCCCTCTGCCATTTTTATATTCCTTATGTCGTGATTATAAAAAGGAAACGGCTATGCAATATCACCGTATA
CCCTTCCC,3092764,3092772,leading,TAGCGTCGCATCAGACATTTATTGCCTTTGTAGGCCCGATAAGCTTGCGCATCGGGCATGGCAACGTCACAAACGCCCTTCCCCCACCCGGTGCTGATAACTCTGCTGAAACGTTATCATCCCCACCTGCTGCCCGGTTTGAATAACATG
CCCTTCCC,3135882,3135890,leading,ACGGTCGCTAACTTCACGAATCTGATCAAACGCGGTTTCCCACGCCCAGGTTTTCCACACGCAGTTAACCAGTCGCCCTTCCCCATCAATCAGTTGCCCGGCAGCATCCCAGCCCAGTTCATCCAATCCACGCAAGATACGCGTTTCAAA
CCCTTCCC,3223988,3223996,leading,AACTACGCCGACAGCCAGCAGGCTAACATCATCGATATCTGGCGCAGCACCGTCGATGCCATGTTCGAGAACTATCCCTTCCCGCAGAACAACGGTAACCGTCAGCATGTCCGCTGGACGGCACTGACTAACCGCCACGGTAACGGTCTG
CCCTTCCC,3432680,3432688,leading,ACGCACCTGCATCATCGGCGAGATATCGCCAATTTCATCGAGAAACAGCGTGCCGCCGTCCGCCTCAACAAAGCGCCCTTCCCGGCGTTTATCGGCTCCAGTAAACGCCCCTTTTTCGTGACCGAACAATTCAGATTCCAGCAAGGATTC
CCCTTCCC,3511954,3511962,leading,GTGGGTTCTCGGTCCGGTTCCGGCTCTGGCACCTAAACGTGGCGGTCGCTGGCGCTGGCAGATATTGTTGCAGCACCCTTCCCGCGTGCGCTTGCAACACATCATTAACGGTACGCTGGCGCTCATCAATACAATACCGGATTCCCGTAA
CCCTTCCC,3521050,3521058,leading,CCGAATGAAGCGTTTATGCCGCATCCGGTAGTCCCGAAACGTGCGGGGGCAACCCCGCACACATCAATAATCCCTCCCTTCCCCTGTGCTACACTTCGCGCCATTCCTTACTGCTTAGAGTTTGCTATGAGACGAGAACTTGCCATCGAA
CCCTTCCC,3718843,3718851,lagging,CGGCTCGAAAGGCGTGTCGTTCTTCAACTCCGTGGGCGGCAATGTTGTTGCCCAGGTCACCGGCATGGGGGATAACCCTTCCCTGTCCGAACTGATCGGTCCGGTAAAAGTGATGTTGCAGGCCTACGACGAAGGCCGTCTGGACAAGCT
CCCTTCCC,3808959,3808967,lagging,CCCGGCAATTGCCGCATCATCAAGGATCAACGTTTTCCCGTCACGCAGCCAGTTCCCTGACGTTCTGACCATACCCCCTTCCCAGCGGCTGGTGAACTGGCGCAGCGCTACGCCCTGCGGGGAAAATTCCGTGTTTATAATCGGGTCAAA
CCCTTCCC,3958276,3958284,lagging,ATGTGCTGAATAATCGTGCGCCGGATGGCAAAACGCACGAATTATCCTCTTAATCTCATCACTTATGCCCGCACTCCCTTCCCCGAGTGCGGGTGTTTGCGCATAATTGACCCCTGTGCCTGAACTTACCACCTGGGTGAGTTCAGGTTT
CCCTTCCC,4103574,4103582,lagging,CCAGGTCACCTTTTTTGTGACCTCCGGGCGTTCTTCACGCCAGAGATAATTAAGCTCTTGTTTGAGTTTTTCATACCCTTCCCGGGTAACCAGGGGCGTTTTCATCTCGTTGATTCCCTTTGTCTGTTTGATAATGCGCACATTGGGTAT
CCCTTCCC,4381913,4381921,lagging,GGGGATTATTGGTCTGAAACTCAGCACTCACTAACTACCAGGCTGCTGTACCCAAATAAATTTACTGACATCAAACCCTTCCCGGGTCGCGACTGCCAGCATCTCCTGTTTCACTTCGTCAGAAATGGTTGGCGTGCGGGAGAGTATCCA
CCCTTCCC,4616530,4616538,lagging,CTCGGTGAAGGGCTACGCGGGTGACACCGCCACCACCAGTGAAATCAAAGCCAAACTGCTGGCGGACGATATCGTCCCTTCCCGTCATGTGAAAGTTGAAACCACCGACGGCGTGGTTCAGCTCTCCGGTACCGTCGATTCTCAGGCACA
GGGTAGGG,226942,226950,lagging,GAGTCGGCCTGCGCGGAAGATGTAACGGGGCTAAACCATGCACCGAAGCTGCGGCAGCGACGCTTATGCGTTGTTGGGTAGGGGAGCGTTCTGTAAGCCTGTGAAGGTGTACTGTGAGGTATGCTGGAGGTATCAGAAGTGCGAATGCTG
GGGTAGGG,388999,389007,lagging,ACGAGGGCGTTGGATTAAGTCTGTCATGGTCTGCCTGATGTTTGTGGAATCGAGGGGCATAGTATACCTGAAGCAGGGTAGGGATGTTTTACGAAAGTTGTCGCGATGTTGACAAGAAGAGAATGGAAGAGAGGCCAGGACATCTTTTTA
GGGTAGGG,635708,635716,lagging,TTGTCGGGCAAGTTCGGCTGTCAGATGCAGCATTAAACCAGAGTCTTTGCCGCCAGAAAATGAGACACAAACGCGGGGTAGGGTGTTGAGTGTCCAGGTAATACGCTCTCGTGCAGCTTCCAGAATATTGAGCGGAAGAGGAATTTTATA
GGGTAGGG,906381,906389,lagging,TAGTGGGTCAGCGGCGGCTCTTTTGCTGACTTGCGGCCTAAACGCTCCATGCTGCGGGCGATCATATCCAGCATCGGGTAGGGGACGGAACGAATACGACAGTCAATATTCAACTCGTCGATCAGCTTCTGCACGATGCTGCGCAGTGTG
GGGTAGGG,944686,944694,lagging,TGCTGATGGGCATTGGCTTTATCGCCTCTATGCTCCATCTTGGTTCACCAATGCGCGCTTTTAACTCGCTCAACCGGGTAGGGGCTTCAGCACTCAGTAACGAAATCGCCAGCGGTTCGATCTTTTTTGCCGTAGGCGGCATCGGCTGGT
GGGTAGGG,1006356,1006364,lagging,ATTTAGACATTTTGTACTTTTATTGTTGAGGTTATTAAGCGAAGCGACAATGGATTGTGTTGCTGCGGTTTTATAGGGTAGGGGAGAGGCAGATGCGAATTAAACCAGACGATAACTGGCGTTGGTATTACGATGAAGAGCACGATCGAA
GGGTAGGG,1080843,1080851,lagging,TGTGCTCCAGTGCGATTACCGAAGATTTGTACAAAGCGTTTCTGCGTAAACATGCCAGCCAGAAAGAGCTGGTGTGGGTAGGGCGTGTGATGGTGCTGGTGGTGGCGCTGGTGGCGATTGCGCTGGCGGCAAACCCGGAAAACCGCGTGC
GGGTAGGG,1099312,1099320,lagging,ATGGCCCGGATATGGAAGATGCGCCGCATCACTGGCACTTCATTAACATGCGTATCTGGCCGCGAGTGGTTGATGGGGTAGGGATCCTGCGCGGCATCGAAGCTAACATTAAAAATGTTGATGGTGAAATTGACTGCAGCGGTAAAATGT
GGGTAGGG,1101725,1101733,lagging,CAGCGAGAATCTTTCAGTGCCGTGACCAGCATTGCCGTGGCGCTTTGCGGAACAGCAGTGGAGAAGTTACTTGCCGGGTAGGGTTTAAATTGCCCGGTTTCGTCCTGAATGTTGTATACCGAAACAAAGATTTTACCCGTCGGCGCTGGC
GGGTAGGG,1118055,1118063,lagging,TGCACAATTTTTGCGCGTCGTTTCATAAAACGTAACGCCAGTTTTCCTAATCCACAACCGAGGCGGTAGATAACCGGGTAGGGCAATTGCACGACTAACCAAAGTACGCCAATACCCAACCAGGTTAACCAATAACGCGGATGAAGCAGT
GGGTAGGG,1121191,1121199,lagging,TATTTCCCCTAAAACTGACGCAAATTTAAAACCGTGCCCACTCAGGCCGGTAATGAGCAGTGTATTATCGTGGCCGGGTAGGGTATCGATAATAAAATCTTCGTCAGGCGAATTATCATAGGTGCAGGCAGCGCCGTACAGGCAGCAACC
GGGTAGGG,1196119,1196127,lagging,TTTTGCGTTCACGAATTGGTGGATTCCGCGGCCATAACCACGCGGGTTCGTCAACCAGCTCCGCGCCGGCGGGCAGGGTAGGGCCATCATTTAAGGTTACGCCATTGCGCAAGGCTTCAAGTGCGTCTTGTGTGGGAATACCTTCCACCT
GGGTAGGG,1279353,1279361,lagging,ATTGGCTGAAGTATACCCATACCCGGAAAGAGTTACTCCTTATTTGCCGTGTGGTTAGTCGCTTTACATCGGTAAGGGTAGGGATTTTACAGCACCGTGAAAAATCTCATAATTTTTATGAAGTCACTGTACTCACTATGGGTAATGATA
GGGTAGGG,1336283,1336291,lagging,CAGGGTTAACGCCGCGTATCGTTTTCACGGCAACGGATGCTGACGTCATTAAAACTTACGTCCGGTTAGGGCTGGGGGTAGGGGTCATTGCCAGCATGGCGGTGGATCCGGTCGCCGATCCCGACCTTGTGCGTGTTGATGCTCACGATA
GGGTAGGG,1442787,1442795,lagging,TCTGTGCTGCCTATTATTTATGGCGGTGTCGTTTGGCTTGAAGATCAGAGGAAGAAAAGATGCGAGCAGCGTTTTGGGTAGGGTGTGCCGCTTTATTGTTGTCGGCGTGTAGTAGTGAACCTGTTCAGCAGGCGACTGCCGCGCACGTAG
GGGTAGGG,1565098,1565106,leading,GCGAGTGCGGGCGAGAGGAATTTGTCAGATTTTCAGCGGTAACACGCTGCTCATCCAGCCTGGAATTTCTTCGGCGGGTAGGGGGCGGGAAAAGAAATATCCCTGAATAACGCGACAGTGGATCTTGCGTAGCATCTCAAATTGCTCTTT
GGGTAGGG,3259258,3259266,leading,CGGCGCGACGACCGTCCGGCGTATTACCGGTTTTCTGGCCGTACACCACGTTAGAAGTGATAGTCAGAATCGACTGGGTAGGGACGGCGTTGCGATAGGTTGGCAGCGCTTTAATTTTCTTCATAAAGCGTTCAACCAGGTCGCAGGCAA
GGGTAGGG,3829758,3829766,lagging,AGTATCTGCATCAGAAGTGCGCGAAGAAAAAAACGGCGATTAAACCGTGGCTGATGGATAACAAGCTGGTGGTAGGGGTAGGGAATATCTATGCCAGCGAATCACTGTTTGCGGCGGGGATCCATCCGGATCGGCTGGCGTCATCACTGT
GGGTAGGG,3987144,3987152,lagging,CATTAATGGTTAATAATGTTGAAAATAAACCTTCGATTTGTTTGTCAAGATATTGTCCATCTTTATATAATTTGGGGGTAGGGTGTTCTTTATGTAAAAAAATAGTGTCACCTAAGGAAGGTGCGAACAAGTCCCTGATATGAGATCATG
GGGTAGGG,3995527,3995535,lagging,ACTCGGTGAAAAATAGCCCGGAACTGCGTGAAGCCTACGAACAAACCCTGCCGCTGCTGTCGGAATACAGCACCTGGGTAGGGCAACATGAAGGGCTGTATAAAGCGTATCGCGACCTGCGCGATGGCGATCATTACGCCACGCTGAACA
GGGTAGGG,4214816,4214824,lagging,GAGTCGGCCTGCGCGGAAGATGTAACGGGGCTAAACCATGCACCGAAGCTGCGGCAGCGACGCTTATGCGTTGTTGGGTAGGGGAGCGTTCTGTAAGCCTGCGAAGGTGTGCTGTGAGGCATGCTGGAGGTATCAGAAGTGCGAATGCTG
GGGTAGGG,4272645,4272653,lagging,GTTTTGTTGCTATTCACATATGATATATTCATATCATCATCTCCATCGCGAGTAATAAAATTAATCACCATTGTAGGGTAGGGGGCTGGTCAATCAGAAATCATCTTTATAAACTTCGATTGTTTTTGTAATGCTGTATCATTAAGTTCA
GGGTAGGG,4300619,4300627,lagging,GGAGTCGTTGGCGTGGGCAAAGAATGTCAAAAACAACATCAATGCGATAATTTTTTTCATTTTGATAATACGATTGGGTAGGGAGTAACCAGTATAAAGAGTTCGAATGGATAAAAAAACAGCCTCCGAAAGGAGGCTGTAGAAAGGACG
GGGTAGGG,4357100,4357108,lagging,TCGCAGTTGATGGGAGAGTACAGAGTCACGATATTTTTCATTCTCTCCGCGATGTGATGCAGGAGAGCATCTGAAGGGTAGGGGGATGCACAAAGAATGGGCAGAGAGCGCGTTTTTTTGTCCCAAGTCATCCCCTTTACTGAGCAAAAA
GGGTAGGG,4401759,4401767,lagging,ATGTGCTGGCGAACAGTCAGTCTGACCCCTATTTAAGCCAGGCGGTGCTGGATTTACAGTTCGGTCATTCCCAGCGGGTAGGGTATGATGTAGCGACCAGTATGATCAGTCAGTTGCAACGCATTGGCGAAATACATAAACGTCGACCAG
GGGTAGGG,4437061,4437069,lagging,GAGTGCGCCAACCCATGAGCAAAGCACGGCTATCGCAACCATCAGACTAATAAACACCAGCGGACGGGGGCCAAAGGGTAGGGAGAAGTCCGGCGTTTGCGTATTCAGCCAGTAACAAGCGACGAGATAGCCGATAAGTGAAACCGGCAG
CCCTACCC,722298,722306,lagging,ACCTTCCGGTCGGTTGAACGCGGTAATAGTGCCCCCGTGTACATCCACTATCGCCCGACAAATTGCCAGTCCAAGCCCTACCCCCGGTACTGCCGACTCTTTATTCCCGCGAGCAAACTTATCAAATATCGTCTGCTCCTGGCCTGGCGG
CCCTACCC,1421992,1422000,lagging,TGCTCTATCGCTCGGCCTAAGTCTTTACCACTAAGCATTGCTTAATATTCTCCTATGCGCATTACATTAGGCAATCCCTACCCTTACTGCATTAGGCACAGCCTATTGACAATTGCGTTAGGCGTCGCCTAATATTTCTGTGTGTTTTTG
CCCTACCC,1726264,1726272,leading,GGGTAATGCTTTCAGATCGGGCGAAAACTCCAGACCTTTATCGGTTTCAGTAATGGTGACGCTACCAATTGACTGCCCTACCCCTTGCGACGTGACGAGGTTCATCTCGACTTTTTCACTGGCAGCTTGTGCGCCGGTTGCAACAACCAG
CCCTACCC,1835619,1835627,leading,ACAATATTCAAAATTACGCTTACGGATTAACCACAATCGCCTTCTGGCCTTATACCCTTATTTCGGCACTCACGACCCTACCCGGTATTGTTATTTATACCGTGATGGCAAGCGATCTCGCCAATGAAGGCATTACGCTGCGCTTTATTT
CCCTACCC,1893203,1893211,leading,GCCGTAAGGACGCATCACCAGCCGATTGTCACAAATCACCAGCACGCCACGATCGTCGGCGTCGCGAATCAGTCGCCCTACCCCCTGTTTGAGAGTAATGACGGCATCTGGTAGTTGCACTTCATCGAACGGGTCGCCACCGCGCAAACG
CCCTACCC,2060807,2060815,leading,CCAGGCGATGGCCGTTAATCCAAGAGTGGAAAGCCAGAACACATGCCGCAACTGAATCTCTGCTTGCGCTATCTGCCCTACCCCCAACCTTCGGCCTGTAATGATCGTAGAAGCAGAGCCGAGCGCACTTCCGGGTAAGTTGATAAGAGC
CCCTACCC,2083637,2083645,leading,GCCTTCCCCGACAGATTCCAGGGTAACCAGCGGCCAGTGCGCCACCTGTTTATCACGGTCGTAAAGTTCAATTTCCCCTACCCGCTGATGGGCGCTAATTGGCGCGGTGAGTTCTTTACCATCAAGGGTATATTTGGCTTTGATATGTGG
CCCTACCC,2095257,2095265,leading,GCTCTGGCGGGGCTTCGTTGCGGATTTACGCTGGCAAACGAAGAAGTCATCAACCTGCTGATGAAAGTGATCGCCCCCTACCCGCTCTCGACGCCGGTTGCCGACATTGCGGCCCAGGCGTTAAGCCCACAGGGAATCGTCGCCATGCGC
CCCTACCC,2256073,2256081,leading,ATACAGTTTCCGCGACAGCGCCCGTTTTGCGGTAGCCTGCGCGGCAATTTCGCGCGCCAGCGGCAGCTTAAACAACCCTACCCTGTCTGCCGATAACGCGCTTTCATTAGTGCCAATGGTGTAACAATGTTGCCGGATGCGACGCTTAAC
CCCTACCC,2317299,2317307,leading,TGTGGGGCGCAGAAAATGTACCGTGGTCGATGTATTACCTGAATGGTCAGGATAACAGTCTGGTGCTGATCTCAACCCTACCCCTTAAAGATCTCACCTCCGGATTTAAAGAATCGACCGTCAGCGACATTGTTGATTCACGTCGTGCAG
CCCTACCC,2427825,2427833,leading,CATATTGATGATATGGTCAACGGTATTCTCTGGCTGCTGGATAACGAGCTGCGCGGGCCATTTAATATGGTTTCGCCCTACCCGGTACGCAATGAACAATTTGCCCATGCGCTCGGTCATGCGCTGCATCGCCCGGCCATTTTGCGCGTC
CCCTACCC,2570741,2570749,leading,CGGTACAAACAATTTGTCCAGTGACGACTGCCAGTTTCATACCCGCCTCCGTGGCGTATTTCAGGTAAAAGCTCCCCCTACCCTCCGCAGAAGGTAAAATGAAAAAGGAGAGAGCGTGACGCCCGAATCGACGTCACACAGGGTGATTAC
CCCTACCC,2624097,2624105,leading,TGTATAGTTGGTACCCATACGCTGCGTCAGGCGCTGAACGCCACTGACTTTCTGAAACGCGCGGAAAAGGTCATTCCCTACCCGATTGAAATTATTTCCGGTAATGAAGAAGCCCGTCTGATTTTTATGGGCGTGGAACATACCCAACCG
CCCTACCC,2726648,2726656,leading,ACTTATGTCAGCATTCGCACTTCTGATACCTCCAGCATGCCTCACAGCACACCTTCGCAGGCTTACAGAACGCTCCCCTACCCAACAACGCATAAGCGTCGCTGCCGCAGCTTCGGTGCATGGTTTAGCCCCGTTACATCTTCCGCGCAG
CCCTACCC,2799214,2799222,leading,TGATAATAAATACGCGTCTTTGACCCCGAAGCCTGTCTTCGGGGTTTCTTTTTGCCTGGTGAATCACAAAAATCCCCCTACCCCGTCACGCTCATATCCAGGGTAATTTCGACCACTATTTGCTATATATTGTGTGGTTGAATCTTTTTT
CCCTACCC,2900110,2900118,leading,TGTGATCAACAAAATATTCCGCGCGCTGTGCGGCCCACTTGGCGGCATAATCACCACCTACAGCAAAGTGAAATCCCCTACCCGCGTGATCCAAATCCTTTCCGTACTCGGCCTGCTGACGTTAACTGCCCTGCTCGTCACGAACTCTAA
CCCTACCC,3063563,3063571,leading,ATGAAGCGGCAGAAATTATCCAGCATAACGACATGGTGGCATTTAGCGGCTTTACCCCGGCGGGTTCGCCGAAAGCCCTACCCACCGCGATTGCCCGCAGAGCTAACGAACAGCATGAGGCCAAAAAGCCGTATCAAATTCGCCTTCTGA
CCCTACCC,3089739,3089747,leading,TCATAACCCGTATGTGCAACGCGCTTGCCAGGCGCGAAAGAGCTAACCTACACTAGCGGGATTCTTTTTGTTAACCCCTACCCCACGCGTACAACCGCGTGGGGAGACGACGCGGATTTTTAACTATGCGTATCCCCCGCATTTATCATC
CCCTACCC,3425446,3425454,leading,ACTTATGTCAGCATTCGCACTTCTGATACCTCCAGCATGCCTCACAGCACACCTTCGCAGGCTTACAGAACGCTCCCCTACCCAACAACGCATAAGCGTCGCTGCCGCAGCTTCGGTGCATGGTTTAGCCCCGTTACATCTTCCGCGCAG
CCCTACCC,3466848,3466856,leading,ACTTATGTCAGCATTCGCACTTCTGATACCTCCAGCATGCCTCACAGCACACCTTCGCAGGCTTACAGAACGCTCCCCTACCCAACAACGCATAAGCGTCGCTGCCGCAGCTTCGGTGCATGGTTTAGCCCCGTTACATCTTCCGCGCAG
CCCTACCC,3597971,3597979,leading,ACTTATGTCAGCATTCGCACTTCTGATACCTCCAGCATGCCTCACAGCACACCTTCACAGGCTTACAGAACGCTCCCCTACCCAACAACACATAGTGTCGCTGCCGCAGCTTCGGTGCATGGTTTAGCCCCGTTACATCTTCCGCGCAGG
CCCTACCC,3641796,3641804,leading,ATCAGCATTGAAAATGCGATAGTGAAAATCCAGTTCAGGATCATACGGCGGCTCAACCACCAGCAGTTGGTCAAACCCTACCCCCAGGTGCCGATCAGCCAGGCGACGAATCAGCTCCGGTGAAAAAAAGACATTCTGCGTTACCGCGTC
CCCTACCC,3691785,3691793,lagging,ACTTATGTCAGCATTCGCACTTCTGATACCTCCAGCATGCCTCACAGCACACCTTCGCAGGCTTACAGAACGCTCCCCTACCCAACAACGCATAAGCGTCGCTGCCGCAGCTTCGGTGCATGGTTTAGCCCCGTTACATCTTCCGCGCAG
GGGGAGGG,404752,404760,lagging,GCGATTTGCGCCACTTCTTGCGCCGATTCTGCGGCGTTGATGCCGAACTGGTCATGCAGGGCGGCGACTTTATCCGGGGAGGGGGTGTATACCCAGATTTGCCCTGGAAGCACCTGACCGCTGGCAATCAGACCGCCGAGAATGGCTTTT
GGGGAGGG,507217,507225,lagging,CAAACGGGTGGGCAGGGGAGCCATATCGTGGCTACCCATATGAATACTGCCAATCAGATGAAAATGGCGATTGCCGGGGAGGGTGATATCGATGGCAGGCCAGGTGTAATGATTACCGCGCAGCGCGGCCCAAAGCGTTTTTACCCGGTA
GGGGAGGG,546551,546559,lagging,CCGGAAGGCAATATTGGCGTCATTGGCGCTTCCGGTACCGGGATTCAGGAGCTGTGTTCGCAGATTGCGCTGGCAGGGGAGGGAATTACTCACGCGATTGGCCTTGGCGGGCGCGACCTCAGCCGTGAAGTGGGCGGCATCAGTGCGCTA
GGGGAGGG,589148,589156,lagging,TGCCAGACGCAGAGCTTCAGCCTTGTTACGGGTCGCCACGCTGACAGCATAACGCTCCTCAAGCATTTCATTGGCGGGGAGGGTGGCGAGCAGTTTTTGCGCTGCGTCGTACTGACCTTCTTTTAACAGCACCGGTAGCGTCGCGCCAAC
GGGGAGGG,609275,609283,lagging,CGGCAGCCAGAGTAAATCCTGCTCACAAAAATTCGCCGGATCGAACTCAACAAAATGCAGCGTATGTCCGGCAAAGGGGAGGGAGGTATGCGTAGTTTTCATATCGACCATATTCGAGACTGATGACAAACGCAAAACTGCCTGATGCGC
GGGGAGGG,668753,668761,lagging,GTGATAAGGATGGTTGGTGGTGATGCTCCACGCCCGGTACAGACTCTCTGCGACCAGCACGCGAACCAGCGGATGGGGGAGGGTAAGCGCCGACAGCGACCAGCTCTGCTCAGCCGCCGCTTTACAGGCAGGCGACAACCCTTCAGGCCC
GGGGAGGG,750334,750342,lagging,TTAACCAGGCATGTCCTTCCTCGCCAACCATACCCACGCTAATGCCGCTGTCATCCTGGCGGATATCCGCACCGAGGGGAGGGAACTGACCGCTGGCGTTGCGTATGATGACGTTAACGTCTTTACCGGAACGGGAAGCCAGTGATTTGT
GGGGAGGG,777694,777702,lagging,CTGCAGCAAAAGCGGCCGCAGAGGCAGATGATATTTTCGGTGAGCTAAGCTCTGGTAAGAATGCACCGAAAACGGGGGGAGGGGCGAAAGGGAACAATGCTTCGCCTGCCGGGAGTGGTAATACTAAAAACAATGGCGCATCAGGGGCCG
GGGGAGGG,907990,907998,lagging,CTGAATCAACGCCCTGGCGGTGGTGGGCGGTACGGAAGTAATCACATTGAGAAACCACACCGAAATCCAGCGGGTGGGGAGGGGGATGGGGATCAACCAGCGGCGCTTACCGCTCACCGCCATAAAATGTTCAAACTGTTGCTGATAACT
GGGGAGGG,966428,966436,lagging,TGATTATCCCCTGGCTCCACTGGCATAATCTTGAACCGGAAGGCGTTATTCTGAGCCATGAACATCTGGATCACCGGGGAGGGCTGGATTCAATATTGCATATATGGCCGATGTTATGGATCAGAAGTCCGTTAAACTGGGAACATCATC
GGGGAGGG,1108699,1108707,lagging,ATAAATCATCTGGTTGATGGAACATTGCCGCTTATCTGGGCGAAGACACGTTTATTAAGTGATGATCCGGCGAAAGGGGAGGGCAAGGCAAAACGGCATTCACTGTTACCGCAGCGCCTGTTCGATATCATGGGCTCACCCAGTGAACGC
GGGGAGGG,1192104,1192112,lagging,TTTCTCCCTGTCTTAATTATTAAAATAGTGTAACGCGATTATGTGGTTATGGGGGTAAACATTAAATAAACCAGCGGGGAGGGGAGGTAAAGTGAAAAAATAAAAAGCGGATAATCTTAATAAGCAGGCCGGACAGCATCGCCATCCGGC
GGGGAGGG,1328159,1328167,lagging,CAGTGGACGTCGGCGGAAAGGGGAAACACGGAAACTGGATTACGCGTTGCTAGGTTGGGCTATATCGGCAAATTTGGGGAGGGAATGGGCGTTACGCATTGCCCCTTCGCTTTCTTCGGCGATTCGCGCTCCAGAGATTGCCCGTAACGG
GGGGAGGG,1440533,1440541,lagging,CTCTTCGGCGATATTGCGTTTTTCCCAGCGCGTAGTGCCCATCGGCCAGGTGCCGTCTGGCGGCAGCGCCGAAACGGGGAGGGCGTCACCAAGCCCGGCGAGCATCGCAGCGGTTACGGTTTTCACGAAATCAGGGGCGGCATCGGAAAC
GGGGAGGG,1559011,1559019,lagging,TTGCGGCAACGTGCGGTTTCCCGGCAGATCCGTTTTACGTAATGCCCATTCTTCCTCCAGCGGTTTATCAATGGCGGGGAGGGAATCCAGCAATAATCGGGTGTATGGATGTGCAGGTGCCGTCAGCACCTGCTGCGCGTCGCCCAGTTC
GGGGAGGG,2060004,2060012,leading,AGGCATTTTTCTCTTTATCTTTGTACGGTACTTCATGGAACAGAGTTTTTGACCTTGCGAATCGTGATGTCTGTTGGGGAGGGACAATTTGCTCACTGAAGCGTGAGACTCGATTAAGCGCACGAAACACAGAAATCAAAAAACCCGGTC
GGGGAGGG,3821611,3821619,lagging,AGCATGGTTCTCTCCCTAAAAATCTGTCTGGCAGGGTAGCGATTTGTGCGCATTGTCACGATTGAGATTTTTTAAGGGGAGGGGAAATTGATAACTTGTAGTTATGTGAAATCGCTATTTTCTGTAGCAGAGATGCATTCTTCTGACTTC
GGGGAGGG,3853601,3853609,lagging,GTAGATGATGGGCCTGATTGCAAACCTGCGCGGTTTCACGGCCCGTGTCATGGTATTAATCGCCTTTCCCCTCATGGGGAGGGATTATTCCACGATGAACAGCGGCTTACCAGTCATCTCTTGCGGGATTTCCATACCCATCAGCGACAA
GGGGAGGG,3870173,3870181,lagging,GCCATGTTTCGGTGATGCGGAAAGTGCTGCTAAGAATGACCAGCTGGATGCATTATCTTTATTTGGATCATTGAGGGGGAGGGGGGAGATTATGGAACTTTGCTCCTTGTAAGGACTAATTATTTTTGCATATTACTTCATTAGCTTCGA
GGGGAGGG,4626925,4626933,lagging,CGTCTCTGGCAGGAAGAAGATGTGCTCTACGCCCTGACCGTATTTAACGGTGAATATACTGGCGGTTGGTTGGTCGGGGAGGGGAATTATCAGCGATGGATTACTGCACAACACCCTGCGGAAATTCCTCTGGATCAAAAACTCACCCAT
CCCTCCCC,1777181,1777189,leading,AATCTCGGTAAATGATTTGCGCACGGTATTAACTATTTTACACCAGGCATAAGCAATAATATTTCGGCGGGAACACCCTCCCCGCCGAACTAAAAAATATATTCAATCGTATTTAATAAAAATATTTCGTGAGTCTCTGTGCGCTAATTC
CCCTCCCC,1822755,1822763,leading,CCAATACCTTTCAGACCATTAAGTGTTTCAATGGTTGAGGCGTCGAGGCGAATACCTAAGGAATAAAAAAACGACCCCTCCCCAAAGCTTAGAAAAACGTTGTTAATTAATACAAACATGGCCCCCGCAAGGGTTAACGGCATTAAGCGA
CCCTCCCC,1873647,1873655,leading,AAGTGCAAAAATATTCAGAGCCATGCTTTTTGCGTGGCTTTTGCATACAATTTATTACTATTACCCCTAAATTTCCCCTCCCCAGCGGCGCAGAGATGAGTATAATTAGCGCCCCTGTGCCAGGCCGCAATCGAACTTTATCTGGTTTTC
CCCTCCCC,1964627,1964635,leading,GTAGAAAGAGGCGCAGACGACATCGACTCACCGCGATGATTTAGCGTAATTCCTACACTACTTGCCTGCCACATCCCCTCCCCGGCGGCTTGCACCAGCAGCGGAAACAATAATATTGCTAATAAGGTTCTCATTATTTGCCGCCAATTG
CCCTCCCC,2019083,2019091,leading,GGCAAGCAGTTGCCGCTCGGTCCGGCGTTATTAGGTCGCGTTCTGGACGGCAGCGGTAAACCGCTCGATGGCCTGCCCTCCCCCGATACGACGGAAACCGGTGCGCTGATTACCCCGCCATTTAACCCGTTGCAACGTACACCGATTGAA
CCCTCCCC,2030349,2030357,leading,ATTAGCACACCAGGCCGGATGTGATCCGGCCTGATGTTAATGATACCCTTTCACACTTCTTCCGCAGAACGACTCCCCTCCCCCGGAACAAGCTCGGTTTCATGAAAAGCTTCCCGCTTGACCCCGTAACCGTCATACCAACGACACTCA
CCCTCCCC,2148238,2148246,leading,CTCTTGACCGCCGGGTATTCCACGAATTTTTCCAGCAGGCCGCAAAAGCGGTTGCCAGTAAAGGCATAAGCATCTCCCTCCCCCTTTCCGTTGCCGGTTTGAGTAGCGCCACGCTGGTGAATGATCTGCTTGAGCAGCTGGAAAATAGCC
CCCTCCCC,2155468,2155476,leading,AGAACGGAGAGCCGTCGATTGACACTAAGGGCGGAGTGACATAATTTCAGGAGTGAGGGTTAGGGAGAGGTTTCCCCCTCCCCCTGGTGTTCTTAGTAAGCCTGGAAGCTAATCACTAAGAGTATCACCAGTATGATGACGTGCTTCATC
CCCTCCCC,2184532,2184540,leading,TGCCTGAATTAACCACGCGTCAGTCGGTGATGGTCGTCGGCGCGGCGGTCATTGACGTGATCGCCGACGCTTATGCCCTCCCCTGGCGTGGGTGCGATATCGAACTGAAACAGCAGAGCGTTAACGTTGGCGGCTGCGCACTGAATATTG
CCCTCCCC,2265705,2265713,leading,AATTTCCGGGCAGAAACCAACAAGGTCATAAGCCGGATTAAGGGTGATAGTAGCAACACGTCTGCTCATTATGCGCCCTCCCCAAGACCAGCAGCGATAGCGTCGCCGATTGCTTTCAGCGCCTGTTCAGCATCTGCACCCTGGGCGGTA
CCCTCCCC,2613266,2613274,leading,TGTCGCCAGTGGCTTTGAGCACTGTATCGCCAATTTGTTTGTGATTCCGTTCGCCATTGCCATTCGCCATTTCGCCCCTCCCCCCTTCTGGCAGCTGGCGCACAGTAGCGCAGACAATTTTCCGGCACTGACGGTCAGCCATTTTATTAC
CCCTCCCC,2633292,2633300,leading,CAACAGAAGTACGAACAGCTCAAAGCGAAGTTGCAGGCTGAAGGTTTGTTCGATCAGCAATACAAAAAACCACTTCCCTCCCCTGCGCATTGCGTTGGTGTGATCACCTCAAAAACCGGTGCTGCGCTACATGATATTTTGCATGTGTTA
CCCTCCCC,2776513,2776521,leading,ACGCTTAAATACAGAGCAGACTGAAGGAAAGCAAAATGCTAATCTCATAGACGAAGAGACTCCCGCTGTAACCTCCCCTCCCCCGAAAAAACCTGACATTTTCTTTTAGGACCAACAATGGGACCAAAATGAAAATTGAACTGAAGATTA
CCCTCCCC,2777944,2777952,leading,GTCACTTTTCAGGACATACTCATAGGTCCCAAGATCAACGAAACCGCCGGTATTGCCCAGCGTAAACGAAGCATCCCCTCCCCCTGTTTTCACCAGCGTCATCGCGTCGTCAGACTGTGGGCTGACGCCGGTATCCTGAACAAAGATTTT
CCCTCCCC,2789759,2789767,leading,GTATCGCCGGACGGCAAGCTGATTGACGATTTTCTGTTTGTCACCACCCCGCGCACGATCCACACCTGCAATGCGCCCTCCCCGGCAGCGACATCAGCAATTCCTATTGGTGCGCATATTGTCAGCAAGGTACAAACGCTGTTGGCAAGC
CCCTCCCC,3065831,3065839,leading,CCGCCCGGGCAATATTATTGGTTTGCGCTAATAAAATGAAATTGCGCATCTTTTTCGAAATAAAAATGTCCATCCCCCTCCCCCGCATCCTTGTCCGCTTAACCGTTTCAGTCAGCCTATCCTTGATGAAACCGCGAGCAAAGATAGGTG
CCCTCCCC,3162356,3162364,leading,CCGGGGGTTGAATACGCTGCCGGATGACGACTTAACGTTTCATCCGGCGTTCCTTGCAAGCGGGAGGAAACAGCGCCCTCCCCGGCATATTACTCTTCGCTATCACCGCTGCTGGCACGGCGAGGAGAGTCGATCTCAACACGATCGATA
CCCTCCCC,3246175,3246183,leading,GCGCTGCAATGCGCCTGTTTGTCTCGTCGGTAAGCGAAAAGTATAAAGTGTCAGCCTGTGTAAATCCTCTCGCCACCCTCCCCTGCATTCAGCAAAATCAGACTCCACGGACATGTAATTTTGATAACGAACAACGTTGACCTTTGTTAC
CCCTCCCC,3329433,3329441,leading,CCCCAAAGCCTGGTGATATGGCTTTTATACGCGTGGCATCTTATTACCCCGTTACGATGTTCAGCCAGGTACGCACCCTCCCCCGTGGTTCTGCCGAAGCGCAATACTGCGAACTGGATGTGGTGCCAGGCGACCTGAACCGCTTTACGC
CCCTCCCC,3334538,3334546,leading,GGTGCTCCCGGACACCCCTTGGCGAGAAGCACTCATCGGCCTCGCGCACATCGCTGTTCAACGCGATCGTTAATCCCCTCCCCTCATCCCGCGCAGCGCGCGGGATGGTTCCAGTAAGTTCCATAAAAACACTTATTCAGCTCTATAACA
CCCTCCCC,3380484,3380492,leading,CCGGCCTGCTGCGTACTGGCGCGAAGCGCGACTAATTTATTTTTCGGGCGCAGCCATTGCGCCCTCCTCTTCTCTCCCTCCCCGACTATCATTTAATCTGGTGTCTCATTGTTAGCCGTCTGAAAATTCAATAACATCAAACTGTTTTGA
CCCTCCCC,3516389,3516397,leading,TTTTATTGGCGCGTATTATGACTGAACAACAAATTAGCCGAACTCAGGCGTGGCTGGAAAGTTTACGACCTAAAACCCTCCCCCTCGCCTTTGCTGCAATTATCGTCGGGACAGCGCTGGCATGGTGGCAAGGTCACTTCGATCCGCTGG
GGGCAGGG,48764,48772,lagging,ATCGCCATGCTGTGGCTGATTGCCCGACCGTTGCAAGTGCCAAATAAACAGCGTCGTTGGTTTGCGGTGTTGTTAGGGCAGGGCAGTGAGTTTGCCTTTGTGGTATTTGGCGCGGCGCAGATGGCGAATGTGCTGGAGCCGGAGTGGGCG
GGGCAGGG,50606,50614,lagging,GCGATGCCCAGTGACCAAAGGCGATGCTGTATTCTTCAGCGACAGGGCCAGGAATCGCAAACCACGGTTTCAGTGGGGCAGGGGCCTCTTCCGGCGATTCTTTGCTGTACATATCCAGTTGACCGTTCGGGAAGCAAAAACGCATACGGG
GGGCAGGG,87584,87592,lagging,GGCGATGAAAAAGTACTTGAGCAGATCGAAAAGCAATTACACAAACTGGTCGATGTCTTGCGCGTGAGTGAGTTGGGGCAGGGCGCGCATGTTGAGCGGGAAATCATGCTGGTGAAAATTCAGGCCAGCGGTTACGGGCGTGACGAAGTG
GGGCAGGG,134559,134567,lagging,AAGAAAACCTGGCCTTGCTTGATGAAGTGGAACAAGCAGCGCACGCACTGAAAGGTAGCGAACGGTCCTGGCAACGGGCAGGGCATGAATACACCCTGTGGATGGACGGTGAAGAGGTGATGGTTCGCGCCAATCAACTGGAATTCGCTG
GGGCAGGG,188599,188607,lagging,AGTATCGATATGGGCTTTTATCCCACCGACGGTTAATTCATCACGGGGCCAGACGCATGGATTTTGCGGTTGACCGGGCAGGGTGGGGAGAGCGGTGTTTGCGTACTGTTCTGGAAGGGTATTCATTGTGCGCCACCCATAAGATTAAAT
GGGCAGGG,227089,227097,lagging,CTGACATAAGTAACGATAAAGCGGGTGAAAAGCCCGCTCGCCGGAAGACCAAGGGTTCCTGTCCAACGTTAATCGGGGCAGGGTGAGTCGACCCCTAAGGCGAGGCCGAAAGGCGTAGTCGATGGGAAACAGGTTAATATTCCTGTACTT
GGGCAGGG,249131,249139,lagging,GATCCAGGTGACCGGCATCCCGTACGCCGGGTCGTTCCCCTGCACGCCGTCAATCTCGCCGTAGGTTTCGCTGGAGGGCAGGGCCATCAGTTTATCCGCCGGAATATCCGCTTCATCAGCCTTTATGCCGTTGATGAAAATGGCGTACTG
GGGCAGGG,267288,267296,lagging,AAGCCAGACGGGTCATAAGCAGACTCCTCATAACGGGAAAACAAATAAAAGGGATCCCCGTCGCATCGGCGACAGGGGCAGGGAAGTAACAGGGATGGGTTAAATACTCAGAAGAAGAAATCCCAGACGGCGCGGGCCACTGACACCACC
GGGCAGGG,325519,325527,lagging,AGTGGTTGCTGGCACCAACGCCAGTGCCGCCAAACAGCCACTCCGCACCGATTTTCGGCTGGTTCCACCACTGCAGGGCAGGGTAGAGGGAAACCGGTTCTTTGCACTCATATTGCAGATACATCTCCAGATGATCCTGAAGATTTTCGC
GGGCAGGG,337665,337673,lagging,GTCGGCATCGCCATGTTTAGCGATGACCTGAAAAAGCAGCATGTAGAAGTGACTCAACTCGACTGGACGCCGCCGGGGCAGGGCAATATGCAGGTGGTGCAGGCGCTGGATAACATTGCCGATTCGCCGCTGGCGGACAAAATCGCCGCC
GGGCAGGG,368746,368754,lagging,CGACTGGCGCAACGTTTCCGTATTGATCGCGTACTGCTGGCGGGCGATGCCGCGCACATCATGCCGGTATGGCAGGGGCAGGGCTATAACAGTGGTATGCGCGACGCCTTTAACCTCGCATGGAAACTGGCGTTGGTTATCCAGGGGAAA
GGGCAGGG,395082,395090,lagging,AAGGTATTTCCAGCGTTGCTCGCGCGTTGGCCAGACAAACACCGGACGATGTGCCGCGCCACCGGGCTGTTCACGGGGCAGGGCGCTGGTATGGGTTGCCAGATTGACCAGCGTAATGGGCGTCCCATTGTAGGTTGGCACGCGTGCGCC
GGGCAGGG,445182,445190,lagging,AAAGGCGATTAGCATTGTCGCCAGATAGACCTTCCAGTGTTCAGCCGCCGGGAACCCTGCATCAGCCAGTTGTCCGGGCAGGGCAACAAACGTCGACATCAGCAAAATATGCAGACACATAATGCCAAAGTTGAGTTTCAGCAGCCGCGG
GGGCAGGG,469648,469656,lagging,CTCATCCTTGATGATGCGCTTTCGGCGGTGGACGGACGCACTGAGCACCAGATCCTGCATAACCTGCGTCAGTGGGGGCAGGGAAGAACGGTAATCATCAGTGCCCATCGCCTTTCTGCACTGACGGAAGCCAGTGAAATTATTGTGATG
GGGCAGGG,507151,507159,lagging,AGGCGTATCGCTGGTGGAAACATCCGCCTCGACGATCAGCGCATCGGCGTTTTTGAGCTTTTTGAGCAAACGGGTGGGCAGGGGAGCCATATCGTGGCTACCCATATGAATACTGCCAATCAGATGAAAATGGCGATTGCCGGGGAGGGT
GGGCAGGG,513613,513621,lagging,TGGCGAATGCCTGCCCTGGCGATGACAGCGCCGACTGCCCGATTATCGAAAATCTCTCCGGCTGCTGTCATCATCGGGCAGGGTGATTAAGACGAGACGGCTCGGATATGTAGGGTTATCCCTTCTATCGCAATGACTTCAACATGCGTA
GGGCAGGG,520480,520488,lagging,TGGCAGCGGTGGCGGTAGCGATGAATCATTACTGTCGCAGTCGCTACGATCTGGTGGCGATCCTCAAAACGCTGGGGGCAGGGCGAGCGCAACTGCGTAAGCTAATCGTCGGTCAGTGGTTGATGGTGCTGACGCTTTCAGCCGTTACCG
GGGCAGGG,620538,620546,lagging,TAAACGCACTGACCACAGAAACGCGCAGTTCGCCGGGCACAATCACCCGCCCGATGATATCGGCAAACAGCAGCAGGGCAGGGGTAGCAAGTAGCGTGACGGGCAGCGACCAGCGATGATCGGCACCCACCAGCCAACGCGCCATATGCG
GGGCAGGG,640633,640641,lagging,CTGCAATTGCTTAGCCGCCGGGGTCAAACCTGGCGGCTTTTTTATGGCATTAAAAAGCCCCGCCGGGATGGCTCCGGGCAGGGCGGGATACTTATTCTGGCAATTAACGCACAACCAGCACCGGCAGATTGGCGTGGCGGATCACGCTCG
GGGCAGGG,690912,690920,lagging,TCTGGCTATAGCCGAACTGTAACCACGGGAAGCCGGTCAGTACCCAACCGCGCAGAAACTCGGTCACTTGCCAGAGGGCAGGGGCGGCAATCGCTACGCGCAGCCAGGTGGTTTTCGGCCACAGACGCGACAGCACGCCAGCAAACAGTC
GGGCAGGG,696413,696421,lagging,CGCCATGCGTTGCAGTACGTGCAGCCAGGGCTTGCGCTGGTGGGCGATGCCGCGCATACCATCCATCCGCTGGCGGGGCAGGGAGTGAATCTTGGTTATCGTGATGTCGATGCCCTGATTGATGTTCTGGTCAACGCCCGCAGCTACGGC
GGGCAGGG,703217,703225,lagging,TAAAGATCCGGCCCTGGGTTAATGCATACATTCTGACCCCCGATTTTAAAAAATATTGCCCTGAGCAAGGAGCCAGGGCAGGGATAACAATTACAGACCTTTGATATTTTCTGCTTCTAATTCATTGAAATATCTTAAAGTCTTAACTTT
GGGCAGGG,712629,712637,lagging,CCTGTGGAAATTGAGCCAGTAAATCATCACGGTACTGCTCGCTAACATACGGAGAATTGCCGCCAGGGATAAACAGGGCAGGGTGATCCCATGCCGGGATTTTCTCCCAACCTACAATATGCGGATACTGATCCCACAATACCGGCACGT
GGGCAGGG,723965,723973,lagging,TCTCCGCGCCCAGTTCCTGCGCCAGACGTAAGGCGCTGAGAATTGCCCGACGTTTTTTTTCCGGTAAGCGGTGCAGGGCAGGGGTTTCAACATACACCGCGTGCCAGACGCTACCCAGCCGTGACGCCAGCCGCGCCGCTGCGCGGACCA
GGGCAGGG,727515,727523,lagging,CAGTTGTTTACGACTCATATTCAGTGCTCACTCAATATCATCAGGAGAGATATTCCGCCACCGGACCAAGCGCCAGGGCAGGGATAAAGGTCAGTGCGCCAACCAGCAACACGGTGCCGATTAACAGGCCAACAAACAGCGGGCCGTGCG
GGGCAGGG,760210,760218,lagging,CGTCTGGACAGACTTGATGAGCCGAGCAGCAACAAAGTGCTGCCAATCACCATCCACGGTGACGCCGCAGTGACCGGGCAGGGCGTGGTTCAGGAAACCCTGAACATGTCGAAAGCGCGTGGTTATGAAGTTGGCGGTACGGTACGTATC
GGGCAGGG,761068,761076,lagging,TTCTTCCACCGCCACGCGGTGATCCACAACCAGTCTAACGGTTCCACTTACACGCCGCTGCAACATATCCATAACGGGCAGGGCGCGTTCCGTGTCTGGGACTCCGTACTGTCTGAAGAAGCAGTGCTGGCGTTTGAATATGGTTATGCC
GGGCAGGG,761296,761304,lagging,CAGTTCATCTCCTCTGGCGAACAGAAATGGGGCCGGATGTGTGGTCTGGTGATGTTGCTGCCGCACGGTTACGAAGGGCAGGGGCCGGAGCACTCCTCCGCGCGTCTGGAACGTTATCTGCAACTTTGTGCTGAGCAAAACATGCAGGTT
GGGCAGGG,799964,799972,lagging,AAATCTCACCACATCTCGGTATACGAAATTGTTGGCGAGCAGGGGCTACTGCATGAAAAAGGCCGCTATGCGGTCGGGCAGGGACCAATGTGGGTGGTGGTTAACGCACACTAACCGCTGATTTACCCGGCGCAGTCTCTCCTGCGCCGG
GGGCAGGG,878490,878498,lagging,GGAAACAAAGCCGATTTTCGGCTGGGGAGTTACTTTGCTCATAGCTTAAAAAATATTCAGTTACAGGAAAGGTCAGGGCAGGGATTCTACAGAGTTCTGGATAAAATTTGTATCGCAATCTCATTCGCTGGCGGAGGCGAAGGAAATGTA
GGGCAGGG,879403,879411,lagging,GGCGAGTTGCGTCACTGGCAAGCAGGAAAAGGATTATCTGCGCCGCTTTCCGGAGTTCCGGACGTTTGGGCGCACGGGCAGGGCGGCCTGCTGGACGTGGTTTTAGCGCCTGATTTTGCTCAGTCTCGCCGCATCTGGTTAAGTTATTCC
GGGCAGGG,914484,914492,lagging,CACTAACAGGCTAAGAATAAAACCGTGAACAATTGCCGCCGGGACCATATCCAGCCCGCCAGTACGTTGAAGAACGGGCAGGGTGAAATCCATTGATGTGGCACCGCATAAGCCCAGTGCAGTAGAGCGGCTGCGGCGAATCAGCCCAGG
GGGCAGGG,994717,994725,lagging,GGCAGAAATGGTTTCGGCAACAATCAGCGTCAGCCACATCAGGCCCAACGCAAAACGCACGCCGACCATAATTGAGGGCAGGGCACCAGGCAGGATCACATGGATAAACAGCGGTATGCCGGATAATCCATAGCTACGCGCCATCTCCAC
GGGCAGGG,1002690,1002698,lagging,GTTCCTTTCGAAAACGTGGGCACAGGGGGGGATACCCGATGGCATATTTGCGACCCTGGCGGTCAACGTTTAGGTGGGCAGGGGGCAAGCGGTAATAGCGGTAGCTTTTCCCTGAAAATATTGCAGCCGTTCGTTGGCTCGGTCGTCATT
GGGCAGGG,1046894,1046902,lagging,AGCAAAATAGTTCGCCTGCAAGTTGTTGAGATAAACGTCATTGCGAACGTAGTCACGGATATGCGTGCGCACGCGGGGCAGGGTAGAGTCCGCGGGCAACAGCGAAGACTTAAACTTGTCGTAGTTGTTGTAAATATTGGTGAAAATACC
GGGCAGGG,1047517,1047525,lagging,GGTTTGCTACCGTGGTGTACTGCAATCCTTCAGATTCAGGCGCAGGTTGATATGCCGGTTTTGGCGTATCGCGCAGGGCAGGGCGCAGATCGTTGAAATTGGTCCGTAACGTGAAGCCAAACATCAACGTGTTACCGCGTTCATAACTCA
GGGCAGGG,1071512,1071520,lagging,CAGAGCATTAAACGTTTCGGGATCGGTCACGTTGCAGGCGTGTCCGCCATAGGGCATCACCATTTTCTGGCTATCGGGCAGGGCGGCATGAAGTTCACTGGAACATGCTGTTGGCACCAGCAGATCATCACTGGCGCAGATGATTTGCAC
GGGCAGGG,1100884,1100892,lagging,ATGTGTATTCAGGCCAAACAGCTGCTGCTTTCATTTGTTCCGGGGACGTTTATAGGCGCATGCGCGACGTTTGCCGGGCAGGGTGACTGGAAACTGGTGTTACCTTCGCTGGCGCTTGGGCTGATATTTGGTTACGCAATGAAAAACAGT
GGGCAGGG,1115230,1115238,lagging,ATGCGTTTAATTGTGGTGAGCATCATGGTGACCTTGCTGAGTGGCTGTGGCAGCATTATTAGTCGCACTATACCGGGGCAGGGGCATGGCAACCAATATTATCCCGGTGTGCAATGGGATGTGCGTGACTCCGCCTGGCGTTATGTCACG
GGGCAGGG,1129117,1129125,lagging,CGTGAAACCGTGCAGGCCGTGACTGACGGTGCGCTCATCGACATTACGGATATGCGCGAATGGCGTGAGGAGCGCGGGCAGGGCGTAGTGCATAAACCGATTCCTGGTTGGCAGAGTACGCTTGAGCAACGTGGGTTTGTCGGCTGTGCG
GGGCAGGG,1136599,1136607,lagging,CCGGTCGCCACTGAACGCTTACACAGCCAGGGAAACCTGTCGCAGACCAACAACAGCAAAGATGTCGCGATTAAAGGGCAGGGCTTTTTCCAGGTGATGTTGCCAGATGGTTCATCAGCCTATACCCGTGACGGCTCTTTCCAGGTGGAT
GGGCAGGG,1140522,1140530,lagging,GCGTTGATCAGATCAACAACTACGCTAAACAAATTGCCAGCCTGAACGATCAAATCTCGCGCCTGACAGGCGTGGGGGCAGGGGCGTCACCTAACAATCTGCTGGATCAACGCGATCAACTGGTGAGCGAATTAAACCAGATTGTTGGTG
GGGCAGGG,1196114,1196122,lagging,AATACTTTTGCGTTCACGAATTGGTGGATTCCGCGGCCATAACCACGCGGGTTCGTCAACCAGCTCCGCGCCGGCGGGCAGGGTAGGGCCATCATTTAAGGTTACGCCATTGCGCAAGGCTTCAAGTGCGTCTTGTGTGGGAATACCTTC
GGGCAGGG,1204145,1204153,lagging,TCTCCCGGGCGGTACTCATCAATCATTGAATCACCTATTACCCGCAAGATATAAGTCATTTCCCCACAGGGTACAGGGCAGGGATACGTTTCTGCTGTGCTCAAATCAACCTCAGAATATCCAACTTCTTTCCATGCTCCGGCCTGTACC
GGGCAGGG,1233938,1233946,lagging,CCCGGGAGTGAGCAATTGATGACGGTAATGGATACACTGAATGCTAAAGAGGGCAGAGGAACACTCTATTTTGCCGGGCAGGGGATCCAGCAACAATGGCAGATGAAGCGAGCCATGCTTTCACCACGTTATACAACGCGAAGTTCTGAT
GGGCAGGG,1242991,1242999,lagging,GCTACCTTCCAGCGCAGTAGTTAATGAGAAAATCAGAATACCGCCACTTAATGCCAGCAATGGATATAATCCGGCGGGCAGGGCGATGCGGTTGATCATTTGCAGTAGTAAATAACCGCCGCCAAGACCTATTACAATGCCCAGACCAAA
GGGCAGGG,1265065,1265073,lagging,ACCTTTGGGCGTGGTAACGGAACAGGCAGTGAGCACAAGAGCAGCCAGCGGTAGCAGGCGGATAAGACGAAAATCGGGCAGGGGCATAGTGATGACAAGTCCTTGAGATACGTTGCAGTTATAACCCTTAATGCTAGCGTTACCGTCCGC
GGGCAGGG,1280559,1280567,lagging,ACTCGTGTCACGCTGGTGAACTTTATTCTGATGGCGATTTTCAGCGGCCTGCTGTTCCTGACCTTACCGACTGACGGGCAGGGCGGAAGCTTCATGGCGTTCTTCGCGGTCTTCCTGGCGCTGTTCCTGACAGCTGGGCTGGGTAGTGGT
GGGCAGGG,1290293,1290301,lagging,TGAGAGTGTTTGCTAAACCGTACCGTCAACCATTATTGGCCGCAGCACTTTTTAAATTTTTTACCTGAACCACAAGGGCAGGGATCGTTGCGACCAAACTGCGGACGTGTACCGTCAATATAGTACCATTGACCGTTTTCTTTCAAAAAT
GGGCAGGG,1320401,1320409,lagging,CCAGTCAAAACGTTGCCCGCTTCCACCCTGGCCGTTGTCTAAAACATATTTATCAACGTGCTGAAACTCGCGGGCGGGCAGGGTTTCACCGACGCTTAATGCTTTCCAGATGGCAACATGTGCTGGCAGAGCTTCACGCAGCGTATCGAT
GGGCAGGG,1323836,1323844,lagging,TCATTATCCTGCATAAAAAACATGTACGGGCTGGGATTACTCTTTTTCAGCACGTAATAGGCCGCCAGCGGTGACGGGCAGGGCAGAGAGAAACGGCGAGATGGCACCACCTGGAAAATTTCTCCAGCGCGAATCGCTTTTTGCAACAAA
GGGCAGGG,1387473,1387481,lagging,GCGTTACGTCCGAAACGCAGCCTGTGGCGCAAAATGGTGATGGGAGGGCTGGCTCTGTTTGGCGCAAGCGTTGTCGGGCAGGGTGTACAGTGGACAATGAATGCCTGGCAAACCCAGGACTGGGTGGCGCTGGGTGGATGTGCCGCTGGG
GGGCAGGG,1466015,1466023,lagging,TTTTACTGATCCATTTTTATCGCCGTGTCGTCCTTAAAGACCCATTGTTGCCGGAGGAGTTGCTTCCGGCACACTGGGCAGGGCATACGGCGCGTCAGCTGTGTATCAACATTTATCAGCGCGTAGCGCCTGCTGCTTTAGCGTTCGTTA
GGGCAGGG,1475922,1475930,lagging,TAATCTTGTTTACACCTTCGCATTATTTATCTCTTTTCGTTTCTATACTGATTTTTCTTAATCCGTTTTATTACAGGGCAGGGTGCGATGAGCAGCAATACATTTACTCTCGGTACAAAATCCGTTAACCGTCTTGGTTATGGCGCGATG
GGGCAGGG,1500966,1500974,lagging,GTTATCTCGTTTAATCGTATTGAACCACTGAATAAAACCGCTGAAATAGGCTACTGGCTGGACGAATCTCATCAGGGGCAGGGGATCATTTCTCAGGCGCTGCAGGCATTGATTCATCATTACGCCCAGTCTGGTGAACTTAGACGCTTC
GGGCAGGG,1506846,1506854,lagging,ATGCAGCGCCTGATACAAACTGCCGCCGATGGTACTTAACAGCGCCAGACCTGCCAGCATCTGGATCCAACTTACGGGCAGGGCAGCCATCATCCCGGTAATGGCACTACCAAACAGACCTGCGAGCAAATAGAAAATGCCTGCAACGGC
GGGCAGGG,1518535,1518543,lagging,CAACGAAGAACAGGTGGTGAACTGGGCGAATGACAGCCAGTACGGACTTGCATCTTCGGTATGGACGAAAGATGTGGGCAGGGCGCATCGCGTCAGCGCACGGCTGCAATATGGTTGTACCTGGGTCAATACCCATTTCATGCTGGTAAG
GGGCAGGG,1529062,1529070,lagging,GGATGTATTTTAAATGTTGATTCTTAATATAACCTAATCAATAGATTATCAAGTGAGAGCTACACATTATTGGAGGGGCAGGGGAAAACACCATTTTGGGAACAATGCATCAGGTACTCTTACCACTGAAGCAAGATCATCCGGCACCAG
GGGCAGGG,1532180,1532188,lagging,TAAATGGTCATAATGAACAACACCAGAAAGAGAAAAATATAAAATACATACAGAAAGACATGAGAGCAAGGGACGGGGCAGGGCAAGATCATGAAAATTGTGATGTAAATCACGATTTTCATCTTTGCTTTAACGCCTACAGGTGATCAA
GGGCAGGG,1570823,1570831,leading,CTGACTGTTGATTGGCTCCAGAGTGACGCCGGTATTTGCTTTGCCTTTACGATCATGAACAGCATAGAGAATAAAGGGCAGGGCAAGTACCACCAGGAAACTAACAACCAGTAATTCAACATACATATCGGTAGAATCACCCTGGATGTT
GGGCAGGG,1579691,1579699,leading,GTGGTCATGAATACGCGCAGCCAATTTCCCAAGACCAACCTGATGCAGTACTTCGCTCAACGATTTATCGTCTACGGGCAGGGGAAGTGCTTTACAAATAATCTCTTTCAGTAAGCCGGTTTTGATTAACGGTGTTTGTGACACATACCA
GGGCAGGG,1580815,1580823,leading,ATTCGCGCCAGCGAATAGTCAGTAGTTTAATTAACCATGTTTTGTTTACGGATATTAATACAAAGATCCCCAGCAGGGCAGGGAACCAAAGGACAAGCTGCCAAAGCTTATCGGTTTCTTTCTGGCTTAGCGCATTGAAAAAATCATTAT
GGGCAGGG,1584571,1584579,leading,GGTTATGCAAGTGCATAAATATGTGATGGATGTCACTTATTTATTTCAATAAATATATCGCCTAAAAACAACGCGGGGCAGGGAATGGCTGCCCCATTTAATTCTTACGCAGCGTGTGTGGTTGACTACTCGTTAGCAAATAATCAAATA
GGGCAGGG,1592340,1592348,leading,CCTTAAATAAGTAACAGCACCCTCTGGTGTTTTCGTATGCAGTGTCTATGCGACAGACACTGCGCTCTTAGCATGGGGCAGGGAATAACCAGGCTATTTCTCCATGCACAGGCCAATTATGAAAGAGGAGAGGCTTAAGTTCTTGAACCC
GGGCAGGG,2078133,2078141,leading,GCAACGGCGAATGGTCTGATTCTCATGAAACTGCCGGAAACCTGGAGTACAAATGAGAAAATGTTTGCTTCCGGAGGGCAGGGACATGGGTTTGCCGCTGAACGGGGAAACCATATTGTCGACAGAGTCCGTCTGAAAAACGCACGGATC
GGGCAGGG,2590427,2590435,leading,GAACGTTTGCAGGCGATCGGTTTTACCGTTGAACGCATGGACTTTGCCGATACGCAGAATTTTTGGGCATGGCGTGGGCAGGGTGAAACGTTAGCCTTTGCCGGGCATACCGACGTGGTGCCGCCTGGCGACGCCGATCGTTGGATCAAT
GGGCAGGG,3511008,3511016,leading,GCTCCGCAACGCCCGCGCTGGAAACGTTATGCAACGTCCAGCAGAAAAAATACCGCCTGCTGCGCCTGACCCGTCGGGCAGGGAATGCGCGTCCGGCAATTCAACATGTGCTGGATTTAAAAGGTCAGAAGGTGCAGGCAGGTCTGGCTC
GGGCAGGG,3774550,3774558,lagging,ATAAACTGTTTGATATTCCACTGCCGGTAGTGCTGGGGATTTTCTCCGGTGCGGTTACCAATACGCCAGCGCTGGGGGCAGGGCAGCAGATTTTGCGCGACCTGGGTACACCAATGGAAATGGTCGATCAGATGGGGATGAGTTACGCGA
GGGCAGGG,3792487,3792495,lagging,GCCCGCAGGCGTTAGGTTTACCGGCGGTCGGTGAATGGCGACACGACGCGCTGGAAATTGCTCAACAACAAGAAGGGGCAGGGTTGACGCGTAAAGAGATCCTCACCAAATATGTGTTGCTGAATCCGTATATCTGGCTGCTTTCGTTTT
GGGCAGGG,3858855,3858863,lagging,CACTACCGACACCGCATTGGACAGATTCATGCTGCGGCTGTCCGGCACCATCGGAATGCGAATTTTTTGTTCAGCGGGCAGGGCATCAAGAATGCTCGCTGGCAGGCCGCGTGTTTCCGGGCCGAACATCAGATAATCGCCATCCTGATA
GGGCAGGG,3878031,3878039,lagging,GAGGCTCCCCACCGGCGCGGGCGTTTTTGTCCGGTAACTGCTGTAGGTGCGGGAGAGGATGAACGGCAGCGGGCCGGGCAGGGCGATGTCGGTTTCACCGGGAAGGACCTTTGCACCGAGCAGGGGATTGACCGGATGGCCGGACGTCAC
GGGCAGGG,3931867,3931875,lagging,CCGACCAAATTCGAAAAGCCTGCTCAACGAGCAGGCTTTTTTGCATCTGCAGCTCATGAGGATGAGAACCTCCGGGGGCAGGGAGGTTCGACTCGAGCGAAGCGAGAGAACGTTGCGCCAGCAACGGCCCGCAGGGCGAGCCACGAAGTG
GGGCAGGG,3932035,3932043,lagging,CCGACCAAATTCGAAAAGCCTGCTCAACGAGCAGGCTTTTTTGCATCTGCAGCTCATGAGGATGAGAACCTCCGGGGGCAGGGAGGTTCGACTCGACGTAGGCCTGATAAGACGCGTCAGCGTCGCATCAGGCAAATGTGCCGGCCATTG
GGGCAGGG,3978527,3978535,lagging,GCGTGTTGAAGCGTGCGAACAGGGCGTTAGGTTTGTGACCGCCTTCCGGCGCGGCTTTCAGAATGGTGGCGCACAGGGCAGGGGTCAGGCTCATTGCCACAAATACTGAAAGCAGCATGGAGGAGATCAGCGTGATGGAGAACTGGCGGT
GGGCAGGG,4021022,4021030,lagging,GAGGCTCCCCACCGGCGCGGGCGTTTTTGTCCGGTAACTGCTGTAGGTGCGGGAGAGGATGAACGGCAGCGGGCCGGGCAGGGCGATGTCGGTTTCACCGGGAAGGACCTTTGCACCGAGCAGGGGATTGACCGGATGGCCGGACGTCAC
GGGCAGGG,4026274,4026282,lagging,GCCAATCGGCGCTTTAATTCCGTTCATGGTTTCATGGTTTTTAAACTGCGAGGGAGCGATAAAACGGAAAGGACGGGGCAGGGCCAGTTCTTGCAGGAAAGGATAGTAGGCGCTTTTCAGGGTAATTTGCAGCTCTGTTTTACTGAGTGC
GGGCAGGG,4060919,4060927,lagging,TTTGCCAACTATTACGATCCGAACTTTATGGGCTTCTCCGCGCTGCGCGTGATTAACGACGACGTGATTGAAGCAGGGCAGGGCTTCGGCACTCACCCGCATAAAGATATGGAAATTTTGACCTACGTGCTGGAAGGTACTGTTGAGCAT
GGGCAGGG,4114809,4114817,lagging,GATTTGCTGGAAGACCCTGACTTCAATGAAGCGCGCAATGTCAGTGCGCTGTTCCTCGTGCGCGAATGGTTGAAAGGGCAGGGGCGAGTGTAAATGCGTGAAGTTTGCCTGATGCACAATGTTTATCAGGCTTATGGGGTTTCTGCAATT
GGGCAGGG,4124530,4124538,lagging,GTCGGAGCTTTCTCCACAGCCGGAGAAGGTGTAATTAGTTAGTCAGCATGAAGAAAAATCGCGCTTTTTTGAAGTGGGCAGGGGGCAAGTATCCCCTGCTTGATGATATTAAACGGCATTTGCCCAAGGGCGAATGTCTGGTTGAGCCTT
GGGCAGGG,4149169,4149177,lagging,AGCTTGGTCCGCTGGTGCGCGGTTTACCGCATTTGCGAACTATCCATCGCCAGCTGTATCAGGATATTTTCGACTGGGCAGGGCAACTGCGTGAAGTTGATATTTATCAGGGTGATACGCCGTTCTGCCACTTTGCTTATATCGAAAAAG
GGGCAGGG,4153349,4153357,lagging,AGGAAGCAATTTTGCGTGCAATGGCCCCAGCTCAGCAGTGACGCCAAGTACCAGCGTTAATCCGGTCAGCAAAAAGGGCAGGGGAACATCTTTTGCCAGTAGTAGCTGTGTCAGCAAGCTACAGGTGGCAAACAGCGACGCACCAATGAT
GGGCAGGG,4214963,4214971,lagging,CTGACATAAGTAACGATAAAGCGGGTGAAAAGCCCGCTCGCCGGAAGACCAAGGGTTCCTGTCCAACGTTAATCGGGGCAGGGTGAGTCGACCCCTAAGGCGAGGCCGAAAGGCGTAGTCGATGGGAAACAGGTTAATATTCCTGTACTT
GGGCAGGG,4461100,4461108,lagging,TTCGATCACGCCGATATCTTTGACGACCTGAAAGCGATCCAGAAACAGTTCCACCATCTGGTGCGTATCGTTCCGGGGCAGGGCCGTATTATCTGGCCGGAAAATGACATCAACCTGAAACAGACCATGGCGATGGGCTGCTGGAGCGAG
GGGCAGGG,4492123,4492131,lagging,ACCATCATGATGACACTGTTCATGCTGGTGTCGCTGTCGGGCATTATCAAGTTTGTCGATCAGCTGAAAAAAGCCGGGCAGGGGAGTTACGACGCGTTAGGCGCAGGAATGTATACCTTGCTGAGCGTGCCGAAAGATGTGCAGATCTTC
GGGCAGGG,4528444,4528452,lagging,GTATGGTAGCGAATCAAACATCCCCGTTGTACCCTGAGTACGCCCGTCACAAGGATCGGAGACGTACACGGCATAGGGCAGGGCATGGTTGGCTTTAATAACCTCGGCCGCCGCTTTCATCTGGATGTCCAGTTCGTAATGCCCCTGGTG
GGGCAGGG,4548370,4548378,lagging,CCGGGTGCTGCTAATGCGGATGCGACCTTCAAGGTTCAGTATCAATAACCTACCCAGGTTCAGGGACGTCATTACGGGCAGGGATGCCCACCCTTGTGCGATAAAAATAACGATGAAAAGGAAGAGATTATTTCTATTAGCGTCGTTGCT
GGGCAGGG,4643388,4643396,lagging,ATTGGTGTGGTGAAAGCGCCTGAAGTTAACGGAACGGCGCTGACCATTGAACCCGGCACCGGGTTAGAGCAAGGCGGGCAGGGCGTGCATATCCCTTTACCTGAAGGGGACTGGCGGAAGCAGAACCTGAAGCTGAATATGGCCCTGAAT
CCCTGCCC,730197,730205,lagging,CCGGCGGGGTGACGTCCGGCCATCCGGTCAATCCGCTGCTCGGTGCAAAGGTCCTTCCCGGTGAAACCGACATCGCCCTGCCCGGCCCGCTGCCGTTCATTCTCTCCCGCACCTACAGCAGTTACCGGACAAAAACGCCCGCGCCGGTGG
CCCTGCCC,1182109,1182117,lagging,CGCGCACTTTTCCGGCCTCTTTTATCGTTTACTCGTCAATAACAATGCGGCAATAAACGTACAGACACCAATTAGCCCTGCCCAGAGTGGCGATATTCTGGTAATCGCAAAGCTATTATCGATATACAAACATAAAGCCTGATAACCCAT
CCCTGCCC,1607434,1607442,leading,AATCGTTACAAACCGCAGAAGGAATATTAAAAGCGTATAGCGATCTCGACGCCATTATCGCCCCCGATGCCAACGCCCTGCCCGCTGCCGCACAAGCCGCAGAAAACTTGAAAAATGACAAAGTAGCGATTGTCGGATTCAGTACGCCAA
CCCTGCCC,1645134,1645142,leading,TCCGTATGCAGCTCGTTGTGATGCTTTCTGCACAAAGGCAACACAAAGAGATCATGTGCTTTTGTTCCCATTCCGCCCTGCCCGTGACCAATCAGATGATGCGGATCGTCGGCTGGCATACCGCAGCAAGCACACGGCTGTGTCTTAACC
CCCTGCCC,1651997,1652005,leading,CCTGGAACATTATCCGGCTGCTCAGGACTGCGCTTATAAATTTATTGTCTGCGAGGATAAACCTGGCATACCCCGCCCTGCCCTCGATTCATGGGATGCTGAATATATGCAGGAAAACCGCTGGGATGAGGAGTCTGCTTCTTTTGTCCC
CCCTGCCC,1713573,1713581,leading,ATATCATCAAAACCTGCCGTATCTTGCTGGAGCAGCATAATGGCGAGGTTCCGGAAGATCGTGCTGCGCTTGAAGCCCTGCCCGGCGTAGGTCGTAAAACAGCCAACGTCGTATTAAACACTGCATTCGGCTGGCCGACTATTGCTGTCG
CCCTGCCC,1759548,1759556,leading,ACCATTCTGCGCTGACTCTACTGAAGGCGCATTGCTGGCTGCGGGAGTTGCTCCACTGCTCACCGAAACCGGATACCCTGCCCGACGATACAACGCTTTATCGACTAACTTCTGATCTACAGCCTTATTGTCTTTAAATTGCGTAAAGCC
CCCTGCCC,1780647,1780655,leading,GAAGATGTTTGGCTATTTTTACTTTGCGGCAAAATCACACTTAGCTCATTAAATAAGGTTTTTATGACTTCTTTTCCCTGCCCCGCGGCAATTACCGGACAAGAATGCGGTTGCAGTAGCTGATTTTCCTCAGCCCCCTGAAACTGAAAG
CCCTGCCC,1783022,1783030,leading,CATCAATAAAGATAAAAATGCGCCAATCTTCAACTATGCCGACTACGGTCTGGTGGGCGATATCTACAAAGTCGTCCCTGCCCTGATTAGCCAGTTGAGCCGCTAATTCCCCTTTCAACCACATCTCCCGCTGTAAACGCAGCGGGAAGG
CCCTGCCC,1867291,1867299,leading,CCGAGTTCAATGCCCGCGCGTAGTGCAGCAACTTCTGTTTTGCGCTGACTGGCATCTTCGCCCATATACCATGTTCCCTGCCCTACGGCTGGCAGTGAGACATCGCCACTAAATTGAATCATTTTTTGTTGCATTGTTTCCTCCCAGGTA
CCCTGCCC,1882807,1882815,leading,TATTCCGGTAGCACTTGCACTAAATGACCACTGGCAATGTTTTCGCTAACATCCCACCAGGAACGCAGAGCAATCCCCTGCCCATCGAGACACCACTGATGGACAATTTCTCCATGATTAGACGACAGTGGGCCGGTGACTTTAATCGCA
CCCTGCCC,1883970,1883978,leading,GGTTCGCTGCTGAAATTTCGTCGTGAATTCGACCAGTACGTCAACCTGCGCCCGGTTCGTCTCTTTCCTGGCGTTCCCTGCCCGCTGGCGGGAAAACAGCCTGGCGACATCGATTTTTACGTGGTCAGGGAAAACACCGAAGGCGAATAT
CCCTGCCC,1912857,1912865,leading,TGCGTATCCCGCTGTTTTCACTTTCTATTTGCACATCTGTTTGCTCTTTCTGCGCACAAATGCTGGCAATGGTTTCCCTGCCCTTTTACCTGCAAACCGTGCTCGGGCGTAGTGAAGTCGAAACAGGTTTACTTCTGACACCGTGGCCGT
CCCTGCCC,1923642,1923650,leading,AACGTTAACCATTCCTTGTAAATCTGACCCCGATTTATGTATGCAACTGGATGCCTGGGATGCTGAAACCAGTATCCCTGCCCTGCTAAATGGCGAACACTCTGTCCTTTACCGTACCCGTTACGATCAACAATCTGATGCCTGGATTAT
CCCTGCCC,1924156,1924164,leading,TAATGCAGGTTGCCAATATCCACGCGATGTCGCAACGGTGTATGACCAAACCAGAAATGATCAGCACCTGTAATTCCCTGCCCTTTTTGGCGTTCACCTAATCGCGAGCGGCTCCACAAGACCTGATGCAAATCAACGTCCTTTTGCCAT
CCCTGCCC,2011660,2011668,leading,TGCGGCACCGCAGACTGCTAAGGAGATCGCATGAAAAATATCGTTCCTGATTACCGCCTTGATATGGTGGGTGAACCCTGCCCTTATCCGGCAGTCGCAACCCTTGAGGCGATGCCGCAGTTAAAAAAAGGGGAAATCCTGGAAGTGGTG
CCCTGCCC,2032948,2032956,leading,ATCACGCAGCGATATTCATCAACGACAAAATCCGGACGTCCGGGCAGACTGGCGTCCTGAACGCGAAATGCCAGGCCCTGCCCGGTTAACAGACTGGCGAGGCGCTTCTCTATCGCCGTATCACGCGTGGCAATCGCGCGCATATTTTTG
CCCTGCCC,2037522,2037530,leading,TCAGGCTTTTTTATTGGCATTTCATCTCCATCTGCGGCACACGCAATTGCCGAAGCATATCGATACAGCACCTTACCCTGCCCCTCCTGGCACAATAACATCAACCAGCTACTCTTCAAGCTAACACCCAAATGCATTTCTTTATGAATT
CCCTGCCC,2061146,2061154,leading,CGCAGGATTAAAACCAATCGCCAGCACCCACAAAATTGCAACTGCGCCAATATAACGAGAAATGGTTAAACCCAGCCCTGCCCCGACAAATCCCAGTCCCGGCCAGGAGAAAAGGCCGTAAATCAATATGCCGCTAATAATAATATTAAG
CCCTGCCC,2064235,2064243,leading,GTACAAGCTAACCAACTGTCAAATAAGAGATTATGATAGATTCGTCATTTGCTCCTTTAATCAGCTGTCGCGTTCCCCTGCCCTATAAAAGGAGGGTATGCACCACGATGGTTCATTACCCAATAAGATTGAAAGCTCACCACTTTGTTG
CCCTGCCC,2096643,2096651,leading,ATCATCACCGTGTAGAGAGTCTGTTCAAAGCCTTTGGTCGCACCCTGCGCCAGGCCATCCGCGTGGAAGGCGATACCCTGCCCTCGTCGAAAGGAGTGCTGTAATGAACGTGGTGATCCTTGATACCGGCTGCGCCAACCTGAACTCGGT
CCCTGCCC,2099427,2099435,leading,GCATCAGTGAGTTGCGGGGTAAGCGGATGCGATATTGTTGCCGCATCCGGCAAAAAAACGGGCAAGGTGTCACCACCCTGCCCTTTTTCTTTAAAACCGAAAAGATTACTTCGCGTTGTAATTGCGTAGAGCATTACGCCCCAGCACAAT
CCCTGCCC,2127077,2127085,leading,GATTGCAGCGGGAAAAATTGCATGTTGCGCAGTCCACGCTGCTGCGCCATTTTTTCCAGCCGCGCTTTGCCGCCGCCCTGCCCGACAATGGCAAAAATCAGCGGTTCATCGCGCAGACGATCGGCAGCTTCAATAACGTTTTCCAGCCCC
CCCTGCCC,2143027,2143035,leading,CTATCATTGGCGGTCAAACTAATTTGGTTAAATGAAAGGCGTTTATGTGACTCCTGCCACTGGGCCTGGAAACTCCCCTGCCCCTGAATACCTTGTTTTGGTAAATCGGCACCCTGCAACTGCCAGTTAATTTGTTCAATAGCCGCCGTT
CCCTGCCC,2145433,2145441,leading,ACAGAAACGAATACTGGCGACCAGGTCTTGCGGATAAAGCGGTAATGAGCAAACAATCACAGCATGTATTAATTGCCCTGCCCCACCCGCTGCTTCACCTGGTCAGTTTAGGTTTAGTCTCGTTTATCTTTACCCTTTTCTCGCTTGAGC
CCCTGCCC,2157517,2157525,leading,TGTTTATTATGCGTCCTGTGGCCACCACGCTGCTGATGGTGGCGATCTTACTCGCCGGGATTATCGGTTATCGCGCCCTGCCCGTTTCGGCGCTGCCGGAAGTGGACTATCCGACCATTCAGGTGGTCACGCTCTACCCAGGTGCCAGCC
CCCTGCCC,2163169,2163177,leading,CCGCCATCGCCACGGTGTATATCGTGCTGGGTATCCTTTACGAGAGTTACGTACATCCGCTGACGATTCTCTCCACCCTGCCCTCGGCGGGCGTTGGAGCGCTGTTGGCGCTGGAGCTGTTCAATGCCCCGTTCAGCCTAATCGCCCTGA
CCCTGCCC,2179688,2179696,leading,GATATGTTCACCAGCTTTATGCCGGGCAATTAACGTTTTCATGTTTTTTCCTTGTTAAATGGCAGGTGCGTTATGCCCTGCCCTCGCAGCCACAATCGGCAATCACTTTGCTCACCACATCGCGCATTGCGGATTTAGCCGACTGCAAAT
CCCTGCCC,2189805,2189813,leading,ATTAAACGACGCTTTGATGGTAGAGAGGTCACCAACTGGCAAATTTTGTTATTTGGCTTAACCGGTGGCCTTATCCCCTGCCCGGCAGCAATTACCGTGCTGTTGATATGCATTCAGTTGAAAGCCCTGACACTGGGCGCAACACTGGTC
CCCTGCCC,2200960,2200968,leading,CATATGCCATTTTTGATGATTACTATTGTGGTGCGATATGGTCAGCCACCGTATTACAGGAGCAAGGTGTTGCAGCCCTGCCCCGATTTGCTCCCTATGCCGCAAGTGACTACTGCGCCGATGTGTTGCGTCATATCAATCATCCGTTCG
CCCTGCCC,2208345,2208353,leading,CACCGAAGATCAAATCAAGTATGGCTGGAACTACGCCCTGCTTATCAATCATGGTCCGTCAACGGAAGCGCTGGTCCCTGCCCCGCTTTATCAGGGAATGCGCGACGGCAAAATCGTCCGTTTCGAAGAGATAACGCGTACACCGCTGGA
CCCTGCCC,2211093,2211101,leading,TGGCCTGTCAGCCGGCATTTATCGCCGGTTTCAGCAGTCATTTAAATCAACTGAGTGAAGCCGATTTTATTAACGCCCTGCCCGATTTACGCGCGGCGATGGCCTGGCTACCACCACGAGAACGCGGGACGCTGGCGCATCAGGTGCTTG
CCCTGCCC,2230209,2230217,leading,TTAGCGGCTGTGTAGGCGCTGGCATCCGGCAGCGGCGTATGTTCATGTACCGACGTAATGTTGATGATGCGACCGCCCTGCCCTTGTTTCACCATCTGACGAGCCGCAATTTGCGAGCATAAGAATGCACCATCGACATCAACGGTAAAA
CCCTGCCC,2275185,2275193,leading,AATTTGGTATTAACATTGCGCCGGACCATCTGCACAGCGAAAGCTTTAAAGCAGATATCCAGAAACTGCTCACTTCCCTGCCCGCACACCATTTCCAGATTGTGCTGGAAATTACCGAGCGCGATATGTTGAAAGAGCAAGAAGCCACAC
CCCTGCCC,2298391,2298399,leading,TTTTCATCGTGTTTCGCCAGCACTTCTTTCGCGAGGATATGATTGCCTTTTTCCAGTTCGCCCTGCACCACAACGCCCTGCCCTTCACGGAACAGATCCGGCAAAATGCCTTCGTAAGAGACATCCACTGAGCCTTCAGCATCGTAAATG
CCCTGCCC,2333190,2333198,leading,GTTGAGCGTGGCGCTCCCCAGCGGCTAAGACTGTTGTCGGGATAAGCAAACGCGAGTATCTGATCGTAACGCTCTCCCTGCCCCGCCTGGGCCGTGGCTTGCCGCCAGGAAAGTGTCCCTTCGGTAGCGCGACTGCCATGATAATGAACC
CCCTGCCC,2336328,2336336,leading,TTGTCGCCCACGCGATACACCGTTGGCATACTCCACTTCATGTAGAGATTTTTTTCCGAACGCAGATAAGCACGCCCCTGCCCGACCAGCCCGTCGCCGTTCATCCCACGCGCGGTGATACGCCAGCGGGTTAACGAATCAGGCATCAGG
CCCTGCCC,2337843,2337851,leading,CTATAGACCTGATTGCGGTAAGCAAGACGTAACTCATAACCTCCGGCTACGGCATTTTCTGGCAGGCGGAAACTTCCCTGCCCGCCATTGCGCGCATCCAGCGTGACATTGACGGTTTGCAACAGACTGCCGTTGGCGTCCAGCACCGAA
CCCTGCCC,2405697,2405705,leading,TGGCTTCGAGCGTGGGTTAGCACGACGTCCTTCCAGGGAGTTGATTAACGCTGTTTCTTCCCCGCAGATGTAGCGCCCTGCCCCGGTATGGACGAACAGTTCGAAATCGAAACCTGTTCCCATAATGTTTTTGCCAAGCAGACCCGCTTC
CCCTGCCC,2423590,2423598,leading,TGTTTTCCGCCTTAACGGCATGACGGTTAATACCATGGCTTCATCCTTTACCGAAGGGGCGCGAATGATGATCGCCCCTGCCCTGCTGGTGGGTTTCGCCAAAGGGATTTTGCTGCTGGTCGGTAATGGTGAAGCGGGTGATGCCAGCGT
CCCTGCCC,2438439,2438447,leading,TTGAGGAGTGCGTTTGATAATCATGGTATCCGCTGATTCGTTACGGTGAGAATAGCAAAAGGGCAGAGCCAGTGGCCCTGCCCTTATCAGTTATCAGGCCTCAGGTTCCTGATCCGGTACCGGGGGTACCACTACGCCTTCACGCGGCGC
CCCTGCCC,2462773,2462781,leading,TCATCAACACAACGTACTGCTTCATTCAGCATCAACATCACACACCGTTCAGCAACCTGCGGTGCGGAGATTCGCCCCTGCCCTTGTGTGCCAATCAGCGGGTAAATGGCGGGATCGACCTGTTTTTTGCTTTTACGCCCTTTCTGACCA
CCCTGCCC,2553277,2553285,leading,CGCTACGCAGTCAGGTACGCGGGGCGATTATTCCCGGCCTGCTGGGCGTTGGTGAACCGCTGATTTACGGTGTCACCCTGCCCCGCATGAAGCCGTTTGTTACCGCCTGTTTAGGCGGCGCGGCGGGCGGTTTGTTTATCGGCCTGATAG
CCCTGCCC,2568331,2568339,leading,GGGAATTGTTTGCGAAACAGTTCCGCCACGCCCGGTTGCATACAAGAGCCGCCCGCCAGCCATAAATCAGTAATGCCCTGCCCTTCAATATGCCGGGCGACAATGTCCGCCATTTTTTCGTACACCGGTTTCACCGCAGGCCAAATCTCT
CCCTGCCC,2577084,2577092,leading,ACTTTGTTTTAACTGGTCATCCATTTGGTTGTTCCTTTCACGTAACGTTCACAAATAAAGTGTGTGGGCAACAGCCCCTGCCCACAACGTGGCGCACATTATTACCCTGCCGGAGTCTACAGACTTTGAGCAAGTCCAAACTCTCACCAT
CCCTGCCC,2580032,2580040,leading,CCGGTTCAGAGATGGAAATTACCCTGCAAGCGGCAGAGAAATTAGCAGGAGAAGGTCGCAATGTACGCGTAGTTTCCCTGCCCTCGACCGATATTTTCGACGCCCAGGATGAGGAATATCGGGAGTCGGTGTTGCCTTCTAACGTTGCGG
CCCTGCCC,2594515,2594523,leading,CAACACCAGCAAGCGGCGGATCCCTTCACGTTTCATTTGCGCTGTTAATGTGTGAAGCGCAGTCAGTTCAGCCATCCCTGCCCCGGAAGTTAAATGCTTTTACCAAAAGTATTGCATTGTGCCGGATCGCCGCTGTCGAAACCACGTTTA
CCCTGCCC,2660810,2660818,leading,CAACGTCAAGCATTGCGGTCACGGCATAGCGCCCTTTAGATGTCAGTCTCATGTCTTACTTCACCTCAAACTCGCCCCTGCCCGGGGTTTTTTATTGTAAAAGTGGGGGTATTGCATAGCAGGGTCAAGTCTGACATTCCCGAGTAAATT
CCCTGCCC,2676117,2676125,leading,TTTCTCGCCGTTGATAACAATTTCGCCCTGTTCATACTCCTCCAGCCCAACAATCGCCTTCAGCAATTCACTGCGCCCTGCCCCCAGCAGACCAGCAATGCCGAGCACTTCGCCACGACGTAGCGTAAAACTGATATCCTCCAGCTTGGG
CCCTGCCC,2693699,2693707,leading,TCCTGCAGATAGTCAATTTCATCTTCCGCCAGAGCCAAGCCAAGACGCAGGTTAGCGTCGATCAGCGCCTGACGGCCCTGCCCCAGCAAATCAACGCTGGTAACCGGAGTCGGTTGATGGTGGGCAAACAACTGCTCTGCATCATCTAAA
CCCTGCCC,2705460,2705468,leading,TTGTTCAGTACCGGCACAACTTCGAGATCCATTTCCATGGCGGTGTAGCAGTTTGCCAGGGTTTGCGCTTCTACGCCCTGCCCGGCGTCGACCACCAGCAATGCACCTTCACAGGCAGCCAGCGAACGGGAAACTTCATAGGAGAAGTCT
CCCTGCCC,2726501,2726509,leading,GTAACACCAAGTACAGGAATATTAACCTGTTTCCCATCGACTACGCCTTTCGGCCTCGCCTTAGGGGTCGACTCACCCTGCCCCGATTAACGTTGGACAGGAACCCTTGGTCTTCCGGCGAGCGGGCTTTTCACCCGCTTTATCGTTACT
CCCTGCCC,2741412,2741420,leading,TATTCTGGCATCCTGGCATTACACCCGTAAGGATCCAGGCGATACTTTCAGTAATTTCATAAGCCACTGGCTCTTCCCTGCCCCCATCATTCAGCCGATTCGTCACAATGGTGAAACCATTGGCGAAGTACGCTTAACCGCTCGCGACAG
CCCTGCCC,2790106,2790114,leading,ACGGCGACAAGCTGGGTAGCGTGCCGAAAATGGGCGCGGATGAAACCCGCGCCGCTATCGACGCCGCCAACCGCGCCCTGCCCGCCTGGCGCGCGCTCACCGCCAAAGAACGCGCCACCATTCTGCGCAACTGGTTCAATTTGATGATGG
CCCTGCCC,2801868,2801876,leading,TGCTACGTCGAGTATTCATCCGATTGTGGCGAAAGTAGAGATACGCAAAGAGGGCAAAACAGGACGCGTTTACTACCCTGCCCCGTTTATGACTAACGAGAATCTGGCGCTGTATCAGGACGCTTACGAAATTGGCGCAGAAAAGATCAT
CCCTGCCC,2833877,2833885,leading,GCAATGGTGTCCAAATGCAACACGTTTTATCCGTTCTGGACTTCACCCGCTAACCAACGCGCCGCAGCAATAACCCCCTGCCCCAGAGACAAACCGCCATCACCCGCCGGTAAACTCTGTGGAAAGAGCAATGTGAAATCAGCGAGATAA
CCCTGCCC,2842201,2842209,leading,TGATTCAGATGGCTGACAATCTCGTTCAGACGCGGATCGTTTTCCGCTTCCAGCCAGCGTGCAACCTGTTCTTCGCCCTGCCCTAACTGTGTAAGGTAATCATCGGCAATCTGACGACCGTAACGATAACCCGCCAGGCGACGTGCTTCG
CCCTGCCC,2882387,2882395,leading,CCACCACCAAAACCTGGTGCCTGATTCGCCTGGTTGAATAACGCAATCGCAGTGCATCCACCACATAATGCTTCACCCTGCCCCGGTTGATTGACAAATGCACAATTCGTCGCGCCGCTTACCCCAGCCAACAGTTTTTCCATTGGAGTC
CCCTGCCC,2893905,2893913,leading,CGCGCCCGACTGTAGCCCACTTCGGCTCCCAGCTTTTCTGCCAGCATAGCGATTTCCTGGTTATCTGCCTCTCCGCCCTGCCCCACCACCAGCACCCGTCTGGCCTCAGCTAATGGGTCGCGGGTAACATTTTTCAGATCCTCTGTGCTA
CCCTGCCC,2900385,2900393,leading,CGGTAGGTATTTGTTCGGTGATTGGATTCCTGCCGGATGTCTTCGTTTACCCAATTATCGGCCACTGGCAAGACACCCTGCCCGCTGCAGAAGCCTACCGCAATATGTGGCTGATGGGCATGGCGGCGCTTGGCATGGTGATTGTCTTTA
CCCTGCCC,2921455,2921463,leading,TAACGCAGATTCGGCTGGAAGCCCAGACTATCTTTGATTCCCTGAAAGAGTGGCACAATGCTATCAGGAAGGTCGCCCTGCCCGGTCGTGGACGTAACCACCAGAACATACTTATCCTGATAGGGCAGCCAGTCGCTTAATTCAGGATCT
CCCTGCCC,2940519,2940527,leading,ACATCATTAAACGGGCAAACAAGACGTCCGGCCTCGATTTCAGATTGCGCCATCACGTTATTTGCCAGCGCCACTCCCTGCCCGTGGATAGCCGCTTGCAGCACCATGGCGCTATGGCTAAAAATTGGCCCTTGCTGAACGTTGATATGA
CCCTGCCC,2949597,2949605,leading,GTTTCGTGCTCTGGCAAGCGACTCGGTTGCACAGACTTAATATTGCCGTCCGGCATCGCAAACCAGACGCGCGTCCCCTGCCCGCGATCCAGCGCAATACCGATATCGCCATTAAACAACCCAAGCGCGCTGTCATTACGGGCAATCATC
CCCTGCCC,2984062,2984070,leading,AACGTCATTAATAGTGATTGCAGAAACGCTATTAGGCAGACCACCTTTAATAGCCGATTGCCTTGCCGGATTCTGCCCTGCCCCTGCAGTCAACACCTGACCAAGAATTACTTCATCCACCGCATATGCAGGAACGCCGGTACGTTCTAT
CCCTGCCC,3050071,3050079,leading,ATGTCTTTCCCCTGACGATGCAACCGTTTCAGTTCGGCAATCAGCTCTGCAGCATCCATAAAGCCGAGATTTACCCCCTGCCCCGCCAGCGGGTGAATGGTATGTGCGGCGTCGCCCACCAGCGCCAGACGGTGCGAGGCAAACTGGCGC
CCCTGCCC,3070097,3070105,leading,CCTTCCTGCAACTCGAATTATTTAGAGTATGAAAAATTGCGTGCTCTAAAAGCGCGCTGAAACAAGGGCAGGTTTCCCTGCCCTGTGATTTTTTACTTCTTAGCGCGCTCTTCGAGCATCGCTACTGCAGGCAGTACTTTACCTTCCACG
CCCTGCCC,3107860,3107868,leading,CTGGCGGCAATATTCATTGATTTCATAAGCGCAAACCCGTTTCGGGGAAGTAAGAATACCGGACAAGGTGGAAAACCCTGCCCCATGAGATATGGGTCAAACTGGTCACCAGCTCCGACCGCCAGACATCAGTAAAAGCAGAAACGCTCT
CCCTGCCC,3164213,3164221,leading,ATGTTTGGCAGACGGGCAGGTAGCATTTTCGGCTCCTGCAAAGTGCCGTCGAAGTTTGGCACCCAGTCAGCCGTCCCCTGCCCCAGCTCGCTCAATAGCAGCTCGGAATATTTCGACAACCGGGATTCGGTGTAACGCATTGCCGCGAAC
CCCTGCCC,3270358,3270366,leading,CCGCTTGCGCGGGCCATCGGCGGTTTGCTCTCTGTTGCACTGGTCGTGGGTTTCCCCCCCAGGCGTTACCTGGCACCCTGCCCTATGGAGCCCGGACTTTCCTCCCCTCCGCCCGTCTCCCCCGAAGAGGACGACGACGAAGCGGCGACT
CCCTGCCC,3274426,3274434,leading,GACAATTCGGGCGTTCGCCGGGAATGATGGCGCTTCCGAGAAGCCGAGCATAAAGCGCATAAAGAACATGGAGATCCCTGCCCAGGCCAGCGGGAACATATCAACAAAGCCTTGCAGGAAGGTGAATAGCGACCAGAAAAAGAGGCTGTA
CCCTGCCC,3297326,3297334,leading,AGACGCGAGCGGCACCCAACACCAGTACTGCAAGGATGTAAACCGGGATCGTACTCCAGAAAAGCGTCCATAGCGCCCTGCCCCAGCGGCTAAAAAACCCGCCCTGTGCTTCCGGTATGTCAATTTCGACCGGTGCCTGCGTTTGCGGTG
CCCTGCCC,3319846,3319854,leading,GCTTTCCTCCTCTGCCGCTTCAGGCGTGCCGCAGGTGGAGAATCTGGAAAACAAAGGCCAGTAATTCGACATCAACCCTGCCCTTCAGGGGTGGGGTTACCTTGCTTATCCTCTGTAAACTCCTTTCTGAGCATCACATAATCGAAAACA
CCCTGCCC,3363820,3363828,leading,GCTGGAGTGCAATGAACGGCGGCGTTATCGTAGCAGAAAATTATCAGGCGGCATCAATCCGGTCGAGTCTGGTTCCCCTGCCCGATTTAACAGTGAGCAGCCAAATTAGTACATCGCAGGATACGAAAGACTCACTGCAAGGACAGAAAT
CCCTGCCC,3369588,3369596,leading,GTGGCTTTAATATCAGCGATCAGCCTTGCAAGCGTACGTGCGGAGCGGTGAATCAGCTGCTGCGCCTGCTCGTCACCCTGCCCGGCGCGCGTGAAAATAGTTTTCGCATCCGCGCCAGCCAACTCCCCCTGCGCTGCCGCTGCAATGCCG
CCCTGCCC,3425299,3425307,leading,GTAACACCAAGTACAGGAATATTAACCTGTTTCCCATCGACTACGCCTTTCGGCCTCGCCTTAGGGGTCGACTCACCCTGCCCCGATTAACGTTGGACAGGAACCCTTGGTCTTCCGGCGAGCGGGCTTTTCACCCGCTTTATCGTTACT
CCCTGCCC,3445246,3445254,leading,GGGCTTTGAACATCTGCTGTTAGTCACTGGTGAACATCAGGCGAAAGTGGGGATGGATTACTTTCGTCGTCATCTCCCTGCCCTTCGTGAACAGTTCTCTTCACTACAGATGGAAGTGCAACCGCTGGCGGAGACGGAATACGCCGAGTT
CCCTGCCC,3466701,3466709,leading,GTAACACCAAGTACAGGAATATTAACCTGTTTCCCATCGACTACGCCTTTCGGCCTCGCCTTAGGGGTCGACTCACCCTGCCCCGATTAACGTTGGACAGGAACCCTTGGTCTTCCGGCGAGCGGGCTTTTCACCCGCTTTATCGTTACT
CCCTGCCC,3497525,3497533,leading,GCATGGTGCTGGCAGCCAGCTTTAAAACGCCGCGTCAGGCGCTGGACTGTTTACTGGCAGGATGTGAATCCATCACCCTGCCCTTAGATGTAGCGCAACAAATGCTCAACACCCCTGCGGTAGAGTCAGCTATAGAGAAGTTCGAACACG
CCCTGCCC,3597824,3597832,leading,GTAACACCAAGTACAGGAATATTAACCTGTTTCCCATCGACTACGCCTTTCGGCCTCGCCTTAGGGGTCGACTCACCCTGCCCCGATTAACGTTGGACAGGAACCCTTGGTCTTCCGGCGAGCGGGCTTTTCACCCGCTTTATCGTTACT
CCCTGCCC,3627233,3627241,leading,GCCAGATCATCAACATAATCATTAAAGCGATTAACATGCCCGAGATGCGGATCGGCTAACAGGCGACCGGAACGTCCCTGCCCGCGATGGTCGATGATTAAGACATCAAACCCCAAATGGAACAGGTCATAGGCCAGTTCCGCATATTTT
CCCTGCCC,3679379,3679387,lagging,CCGGAAACCTTGCCCGGCGCAGTGGCGTTTTCGATGCTGGAGAATCTGGCAGTAGTGCTGATTGCCCCCGCGCTGCCCTGCCCGGTGCGTAATCAGGTGTCGGTAGAGAAGCCGGACTGGTCAACGGTGCCGTTTATTATGGCCGATCAG
CCCTGCCC,3691638,3691646,lagging,GTAACACCAAGTACAGGAATATTAACCTGTTTCCCATCGACTACGCCTTTCGGCCTCGCCTTAGGGGTCGACTCACCCTGCCCCGATTAACGTTGGACAGGAACCCTTGGTCTTCCGGCGAGCGGGCTTTTCACCCGCTTTATCGTTACT
CCCTGCCC,3771913,3771921,lagging,TTATCGTTGAGTTACCGCAAGATGAAGCTGGCTGGAAAGCGGCAGGTGATGCGCCGTTAAGCGGAACGGAAACAACCCTGCCCGCGCCACCGCGTGGCGTCGTGCAGCGACGTTTAACCTTTACCCACCATCGGGCTTATCCGGGGTTAG
CCCTGCCC,3900896,3900904,lagging,TTAGGGCTGACATTTTATCCTGGTTGGCGGCTTCCCGAGGTACTGACGAACGGGAAGCCGGAAAAGTTACTGTTGCCCTGCCCAGACGACCAGCACTTTATCGTCGCCATGCTCACGAACAAAGCCGTAGCCCTGCTTCAGCAAAAGTGT
CCCTGCCC,4256148,4256156,lagging,GTTATGTAACGGAGAGTTCGGCATGTCACACCCCGCGTTAACGCAACTGCGTGCGCTGCGCTATTGTAAAGAGATCCCTGCCCTGGATCCGCAACTGCTCGACTGGCTGTTGCTGGAGGATTCCATGACAAAACGTTTTGAACAGCAGGG
CCCTGCCC,4298596,4298604,lagging,TTGTGGCGTCGATGGCGAAAGGCGAAATGCTGCCGATCATCTTTTTCTCGGTGCTGTTTGGTCTGGGGCTTTCTTCCCTGCCCGCGACGCATCGTGAACCGCTGGTGACCGTGTTCCGCTCCATCTCTGAAACCATGTTTAAAGTGACTC
CCCTGCCC,4531789,4531797,lagging,GCCCAGCACTCGGTCTGAGGAAAAGCCGTGCGTACTTTTTGGATTTTCTCGCACATGGAGGGAATAAACCGCTGTCCCTGCCCATCGGGCTCACTGGTCATCACCATCACTCCGTCCAGCTCAGACGCCAGATATCGCCAGGCGTCGATC
