sequence,start,end,direction,seq
GGGCAGGG,48764,48772,leading,ATCGCCATGCTGTGGCTGATTGCCCGACCGTTGCAAGTGCCAAATAAACAGCGTCGTTGGTTTGCGGTGTTGTTAGGGCAGGGCAGTGAGTTTGCCTTTGTGGTATTTGGCGCGGCGCAGATGGCGAATGTGCTGGAGCCGGAGTGGGCG
GGGCAGGG,50606,50614,leading,GCGATGCCCAGTGACCAAAGGCGATGCTGTATTCTTCAGCGACAGGGCCAGGAATCGCAAACCACGGTTTCAGTGGGGCAGGGGCCTCTTCCGGCGATTCTTTGCTGTACATATCCAGTTGACCGTTCGGGAAGCAAAAACGCATACGGG
GGGAAGGG,70813,70821,leading,GTTTCTTTCGCCCGGATGAAGCGCACCAGCCGCATTTCAGCGACCTGTTTGGGCAAATCATTAACGCCGGGCAAGGGGAAGGGCGCTATTCGGAGCTGCTGGCGATAAATCTGCTTGAGCAATTGTTACTGCGGCGCATGGAAGCGATTA
GGGCAGGG,87584,87592,leading,GGCGATGAAAAAGTACTTGAGCAGATCGAAAAGCAATTACACAAACTGGTCGATGTCTTGCGCGTGAGTGAGTTGGGGCAGGGCGCGCATGTTGAGCGGGAAATCATGCTGGTGAAAATTCAGGCCAGCGGTTACGGGCGTGACGAAGTG
GGGAAGGG,111311,111319,leading,TTTCGCTATTTGAAAAACTGGAATATGAATTCCCGGACAGGCATATAACACTGTGGTTTTGGCTGGTCGAACGCTGGGAAGGGGAGCCGTGGGGTAAAGAAGGGCAACCCGGTGAGTGGATGTCGCTGGTCGGTCTTAATGCCGATGATT
GGGAAGGG,117701,117709,leading,GAAAGCAGATTCCGAGGTTTTTTATTTCGTTGCAGCGAAAGACAAGAAATTTGCGAGGCGTTACGAAGAAAGTTGGGGAAGGGGAGATTATCCGCCCGCGATGGAGCGGATAAATCTGTCAACTATTAGCGAAAACGCATTGAAAGGTCG
GGGCAGGG,134559,134567,leading,AAGAAAACCTGGCCTTGCTTGATGAAGTGGAACAAGCAGCGCACGCACTGAAAGGTAGCGAACGGTCCTGGCAACGGGCAGGGCATGAATACACCCTGTGGATGGACGGTGAAGAGGTGATGGTTCGCGCCAATCAACTGGAATTCGCTG
GGGAAGGG,182333,182341,leading,CACTCAACATTCAGCGCGGCGACAGCACCATCTACCTGTTAATGCAGTAATCTCCCTCAACCCCTTCCTGAAAACGGGAAGGGGTTCTCCTTACAATCTGTGAACTTCACCACAACTCCATACATCTTCATCATCCTTTAGGCATTTGCA
GGGAAGGG,187624,187632,leading,TGTTTCATCACGCAGGTCGATTAGCGTACCGCGTAGCTGAAACTCATCGTCGATTGGACGTGGTTTTTCGTCGGCGGGAAGGGCGAGGATGGCTTCATCGAACAGTTGCAGCAGCATCTGGTTGAGTTCACTGACGCGGCGTGTAACGCG
GGGCAGGG,188599,188607,leading,AGTATCGATATGGGCTTTTATCCCACCGACGGTTAATTCATCACGGGGCCAGACGCATGGATTTTGCGGTTGACCGGGCAGGGTGGGGAGAGCGGTGTTTGCGTACTGTTCTGGAAGGGTATTCATTGTGCGCCACCCATAAGATTAAAT
GGGTAGGG,226942,226950,leading,GAGTCGGCCTGCGCGGAAGATGTAACGGGGCTAAACCATGCACCGAAGCTGCGGCAGCGACGCTTATGCGTTGTTGGGTAGGGGAGCGTTCTGTAAGCCTGTGAAGGTGTACTGTGAGGTATGCTGGAGGTATCAGAAGTGCGAATGCTG
GGGCAGGG,227089,227097,leading,CTGACATAAGTAACGATAAAGCGGGTGAAAAGCCCGCTCGCCGGAAGACCAAGGGTTCCTGTCCAACGTTAATCGGGGCAGGGTGAGTCGACCCCTAAGGCGAGGCCGAAAGGCGTAGTCGATGGGAAACAGGTTAATATTCCTGTACTT
GGGCAGGG,249131,249139,leading,GATCCAGGTGACCGGCATCCCGTACGCCGGGTCGTTCCCCTGCACGCCGTCAATCTCGCCGTAGGTTTCGCTGGAGGGCAGGGCCATCAGTTTATCCGCCGGAATATCCGCTTCATCAGCCTTTATGCCGTTGATGAAAATGGCGTACTG
GGGAAGGG,249694,249702,leading,TACGCACGTCATGGGCGATATCGCCGTTGTCGCTGACGCGGGTGACGATAATCGCCGCCGCGGTGGAGAGCAGCAGGGAAGGGATCTGCGCCACCAGGCCGTCGCCGATGGTCATCAGCACATACTGCTGGAAGGCAGCATCGGCGCTCA
CCCTTCCC,266956,266964,leading,CAACATCTGATACGAACTGGTTCCATCGTGAGAGTTGAGTAGAATAATTTCCGGCACCTGTTTACCGGTGATCTGCCCTTCCCGCCGCAGACGCAGCATATGCTTTGTATGTTCACGACGACCCGGGTCACGCACGCGGGTCTGACAGGC
GGGCAGGG,267288,267296,leading,AAGCCAGACGGGTCATAAGCAGACTCCTCATAACGGGAAAACAAATAAAAGGGATCCCCGTCGCATCGGCGACAGGGGCAGGGAAGTAACAGGGATGGGTTAAATACTCAGAAGAAGAAATCCCAGACGGCGCGGGCCACTGACACCACC
GGGAAGGG,321495,321503,leading,TGATGGAAGTCCGCCCTGAGTATTTAATTGGTGCTGACGTGAGTTGCCTGCTAAACATCAGTGGGCGATTACAACGGGAAGGGCAGAAAGTCAAAGTGATGCATATTGCTGAAGTGTTGATGAGCCGCTGAGGATATAAAGATGTCGATC
CCCTTCCC,323859,323867,leading,TGTAAATATCCTGGTATTACCAATGCCAGGATATTTACAGTGAAAAAGACAGGCATCCATTCCTGAAAACGGGTTCCCTTCCCGGTCATTGTCACTTCAGCTTTATACAGGCACTCTCTATCAGAATGTTGTTTATTACTGCCCAGAGTT
GGGCAGGG,325519,325527,leading,AGTGGTTGCTGGCACCAACGCCAGTGCCGCCAAACAGCCACTCCGCACCGATTTTCGGCTGGTTCCACCACTGCAGGGCAGGGTAGAGGGAAACCGGTTCTTTGCACTCATATTGCAGATACATCTCCAGATGATCCTGAAGATTTTCGC
GGGCAGGG,337665,337673,leading,GTCGGCATCGCCATGTTTAGCGATGACCTGAAAAAGCAGCATGTAGAAGTGACTCAACTCGACTGGACGCCGCCGGGGCAGGGCAATATGCAGGTGGTGCAGGCGCTGGATAACATTGCCGATTCGCCGCTGGCGGACAAAATCGCCGCC
GGGAAGGG,363988,363996,leading,TATTCGCAAAGGATCAGCGGGCGCGTCTCTCCAGGTAGCGAAAGCCATTTTTTGATGGACCATTTCGGCACAGCCGGGAAGGGCTGGTCTTCATCCACGCGCGCGTACATCGGGCAAATAATATCGGTGGCCGTGGTGTCGGCTCCGCCG
GGGAAGGG,365381,365389,leading,GCCAGCTTTCCGGCACCGCTTCTGGTGCCGGAAACCAGGCAAAGCGCCATTCGCCATTCAGGCTGCGCAACTGTTGGGAAGGGCGATCGGTGCGGGCCTCTTCGCTATTACGCCAGCTGGCGAAAGGGGGATGTGCTGCAAGGCGATTAA
GGGCAGGG,368746,368754,leading,CGACTGGCGCAACGTTTCCGTATTGATCGCGTACTGCTGGCGGGCGATGCCGCGCACATCATGCCGGTATGGCAGGGGCAGGGCTATAACAGTGGTATGCGCGACGCCTTTAACCTCGCATGGAAACTGGCGTTGGTTATCCAGGGGAAA
GGGTAGGG,388999,389007,leading,ACGAGGGCGTTGGATTAAGTCTGTCATGGTCTGCCTGATGTTTGTGGAATCGAGGGGCATAGTATACCTGAAGCAGGGTAGGGATGTTTTACGAAAGTTGTCGCGATGTTGACAAGAAGAGAATGGAAGAGAGGCCAGGACATCTTTTTA
GGGCAGGG,395082,395090,leading,AAGGTATTTCCAGCGTTGCTCGCGCGTTGGCCAGACAAACACCGGACGATGTGCCGCGCCACCGGGCTGTTCACGGGGCAGGGCGCTGGTATGGGTTGCCAGATTGACCAGCGTAATGGGCGTCCCATTGTAGGTTGGCACGCGTGCGCC
CCCTTCCC,403455,403463,leading,TTTCCTGCCTTGTCACCCTCGAGCTGACGGGCATTACCGTGTCGTTCAATAGTGCGCCGCTGGAATGGTGGCTCTCCCTTCCCATTATTGTCATTTATCCTCTGCTGTTTGGCTGGGTCAGCTACCAGACGGCAACCAAACTGGCGGAAC
GGGGAGGG,404752,404760,leading,GCGATTTGCGCCACTTCTTGCGCCGATTCTGCGGCGTTGATGCCGAACTGGTCATGCAGGGCGGCGACTTTATCCGGGGAGGGGGTGTATACCCAGATTTGCCCTGGAAGCACCTGACCGCTGGCAATCAGACCGCCGAGAATGGCTTTT
GGGCAGGG,445182,445190,leading,AAAGGCGATTAGCATTGTCGCCAGATAGACCTTCCAGTGTTCAGCCGCCGGGAACCCTGCATCAGCCAGTTGTCCGGGCAGGGCAACAAACGTCGACATCAGCAAAATATGCAGACACATAATGCCAAAGTTGAGTTTCAGCAGCCGCGG
GGGAAGGG,453948,453956,leading,TTTACAGTACTTTAGCGGAGGAACTCTCTACTACCGTTCATGCGCTGGCTCTGCATACTTACACTATTAAGGAGTGGGAAGGGTTGCAGGACACCGTCTTTGCCTCTCCTCCCTGTCGTGGAGCAGGAAGCATCGCGTAAAAACGCATTT
GGGCAGGG,469648,469656,leading,CTCATCCTTGATGATGCGCTTTCGGCGGTGGACGGACGCACTGAGCACCAGATCCTGCATAACCTGCGTCAGTGGGGGCAGGGAAGAACGGTAATCATCAGTGCCCATCGCCTTTCTGCACTGACGGAAGCCAGTGAAATTATTGTGATG
GGGCAGGG,507151,507159,leading,AGGCGTATCGCTGGTGGAAACATCCGCCTCGACGATCAGCGCATCGGCGTTTTTGAGCTTTTTGAGCAAACGGGTGGGCAGGGGAGCCATATCGTGGCTACCCATATGAATACTGCCAATCAGATGAAAATGGCGATTGCCGGGGAGGGT
GGGGAGGG,507217,507225,leading,CAAACGGGTGGGCAGGGGAGCCATATCGTGGCTACCCATATGAATACTGCCAATCAGATGAAAATGGCGATTGCCGGGGAGGGTGATATCGATGGCAGGCCAGGTGTAATGATTACCGCGCAGCGCGGCCCAAAGCGTTTTTACCCGGTA
GGGCAGGG,513613,513621,leading,TGGCGAATGCCTGCCCTGGCGATGACAGCGCCGACTGCCCGATTATCGAAAATCTCTCCGGCTGCTGTCATCATCGGGCAGGGTGATTAAGACGAGACGGCTCGGATATGTAGGGTTATCCCTTCTATCGCAATGACTTCAACATGCGTA
GGGAAGGG,514786,514794,leading,GCGGCGCGTCAATCACCTGAATAAAGCACACGGCGTCGATGGTAACGTTGGCGTTATCTTTCGAGATAACTTCCTGGGAAGGGATATCGAGCACTTGCTCCATCATATTGATCTTGCGACCAATGCGATCCATAAACGGCACCACCAGAC
GGGCAGGG,520480,520488,leading,TGGCAGCGGTGGCGGTAGCGATGAATCATTACTGTCGCAGTCGCTACGATCTGGTGGCGATCCTCAAAACGCTGGGGGCAGGGCGAGCGCAACTGCGTAAGCTAATCGTCGGTCAGTGGTTGATGGTGCTGACGCTTTCAGCCGTTACCG
GGGAAGGG,541982,541990,leading,AACCGGGCATTGAAATTGTGTTGAATGCGGTCAATCTTGCGCAGGCAGTGCAGGGCGCAGCACTGGTGATTACCGGGGAAGGGCGCATCGACTCGCAAACGGCAGGCGGTAAAGCGCCGCTGGGTGTGGCGTCGGTGGCGAAGCAGTTTA
GGGGAGGG,546551,546559,leading,CCGGAAGGCAATATTGGCGTCATTGGCGCTTCCGGTACCGGGATTCAGGAGCTGTGTTCGCAGATTGCGCTGGCAGGGGAGGGAATTACTCACGCGATTGGCCTTGGCGGGCGCGACCTCAGCCGTGAAGTGGGCGGCATCAGTGCGCTA
GGGGAGGG,589148,589156,leading,TGCCAGACGCAGAGCTTCAGCCTTGTTACGGGTCGCCACGCTGACAGCATAACGCTCCTCAAGCATTTCATTGGCGGGGAGGGTGGCGAGCAGTTTTTGCGCTGCGTCGTACTGACCTTCTTTTAACAGCACCGGTAGCGTCGCGCCAAC
GGGGAGGG,609275,609283,leading,CGGCAGCCAGAGTAAATCCTGCTCACAAAAATTCGCCGGATCGAACTCAACAAAATGCAGCGTATGTCCGGCAAAGGGGAGGGAGGTATGCGTAGTTTTCATATCGACCATATTCGAGACTGATGACAAACGCAAAACTGCCTGATGCGC
CCCTTCCC,618762,618770,leading,GCAGCGCAGACCATAAATGCGCTCAATCAGTTCAGCAGTGACAATCTCCTTCGGCGCTCCCTGAGCAACAATTTTCCCTTCCCGCAATGCAATCAAATGGCTGGCGTAACGACAGGCCTGATTAAGATCGTGCAGCACCGCCGCCAGGGT
GGGCAGGG,620538,620546,leading,TAAACGCACTGACCACAGAAACGCGCAGTTCGCCGGGCACAATCACCCGCCCGATGATATCGGCAAACAGCAGCAGGGCAGGGGTAGCAAGTAGCGTGACGGGCAGCGACCAGCGATGATCGGCACCCACCAGCCAACGCGCCATATGCG
CCCTTCCC,633882,633890,leading,GATGTTGAGTTTTGCCAGTGGCTGACGCAGGAGCACGGCGTAGCGGCGATTCCGCTGTCGGTGTTTTGCGCCGATCCCTTCCCACATAAACTGATTCGTCTCTGTTTTGCCAAGAAGGAATCGACGTTGCTGGCAGCAGCTGAACGCCTG
GGGTAGGG,635708,635716,leading,TTGTCGGGCAAGTTCGGCTGTCAGATGCAGCATTAAACCAGAGTCTTTGCCGCCAGAAAATGAGACACAAACGCGGGGTAGGGTGTTGAGTGTCCAGGTAATACGCTCTCGTGCAGCTTCCAGAATATTGAGCGGAAGAGGAATTTTATA
GGGCAGGG,640633,640641,leading,CTGCAATTGCTTAGCCGCCGGGGTCAAACCTGGCGGCTTTTTTATGGCATTAAAAAGCCCCGCCGGGATGGCTCCGGGCAGGGCGGGATACTTATTCTGGCAATTAACGCACAACCAGCACCGGCAGATTGGCGTGGCGGATCACGCTCG
GGGGAGGG,668753,668761,leading,GTGATAAGGATGGTTGGTGGTGATGCTCCACGCCCGGTACAGACTCTCTGCGACCAGCACGCGAACCAGCGGATGGGGGAGGGTAAGCGCCGACAGCGACCAGCTCTGCTCAGCCGCCGCTTTACAGGCAGGCGACAACCCTTCAGGCCC
GGGAAGGG,680257,680265,leading,AAGCATTAATTGCTGGTGGCTCGGAGAGAGGGTTGATTTATACCCAATTCGTTGCCCAAACCGCTATGTGCTGTGGGGAAGGGGGAATCAAAGCCTGGGATTATGTTCGAATGGGGTTTCTGTCACGGGTCGGTGTGCTCAACAAGTGGC
GGGAAGGG,686314,686322,leading,CCCACAAAATACCAATCACTACCGCCGTGACGGTGATTTTCAGGGTGATCACCAGCCCGTCGAGCAGATATGGCAGGGAAGGGACAATGGAACTCCAGTCAAACTCGTACATTATTTGCCCCCCATGTTGCCAGGCAGGCGAACTTTACG
GGGAAGGG,690683,690691,leading,GGAATATCGCCCTGAACCATCGAAACCTGAATGGTTTTCTCCGGTTGTGGGGTAAACCACTGGATGTAACGCAGCGGGAAGGGAAGGGCAAACAGCACGACGGCCACCACCAGCGGACGCCAGTTGCGTTTGACCAACGCCAGTGCCAGC
GGGCAGGG,690912,690920,leading,TCTGGCTATAGCCGAACTGTAACCACGGGAAGCCGGTCAGTACCCAACCGCGCAGAAACTCGGTCACTTGCCAGAGGGCAGGGGCGGCAATCGCTACGCGCAGCCAGGTGGTTTTCGGCCACAGACGCGACAGCACGCCAGCAAACAGTC
GGGCAGGG,696413,696421,leading,CGCCATGCGTTGCAGTACGTGCAGCCAGGGCTTGCGCTGGTGGGCGATGCCGCGCATACCATCCATCCGCTGGCGGGGCAGGGAGTGAATCTTGGTTATCGTGATGTCGATGCCCTGATTGATGTTCTGGTCAACGCCCGCAGCTACGGC
GGGCAGGG,703217,703225,leading,TAAAGATCCGGCCCTGGGTTAATGCATACATTCTGACCCCCGATTTTAAAAAATATTGCCCTGAGCAAGGAGCCAGGGCAGGGATAACAATTACAGACCTTTGATATTTTCTGCTTCTAATTCATTGAAATATCTTAAAGTCTTAACTTT
GGGCAGGG,712629,712637,leading,CCTGTGGAAATTGAGCCAGTAAATCATCACGGTACTGCTCGCTAACATACGGAGAATTGCCGCCAGGGATAAACAGGGCAGGGTGATCCCATGCCGGGATTTTCTCCCAACCTACAATATGCGGATACTGATCCCACAATACCGGCACGT
CCCTACCC,722298,722306,leading,ACCTTCCGGTCGGTTGAACGCGGTAATAGTGCCCCCGTGTACATCCACTATCGCCCGACAAATTGCCAGTCCAAGCCCTACCCCCGGTACTGCCGACTCTTTATTCCCGCGAGCAAACTTATCAAATATCGTCTGCTCCTGGCCTGGCGG
GGGCAGGG,723965,723973,leading,TCTCCGCGCCCAGTTCCTGCGCCAGACGTAAGGCGCTGAGAATTGCCCGACGTTTTTTTTCCGGTAAGCGGTGCAGGGCAGGGGTTTCAACATACACCGCGTGCCAGACGCTACCCAGCCGTGACGCCAGCCGCGCCGCTGCGCGGACCA
GGGCAGGG,727515,727523,leading,CAGTTGTTTACGACTCATATTCAGTGCTCACTCAATATCATCAGGAGAGATATTCCGCCACCGGACCAAGCGCCAGGGCAGGGATAAAGGTCAGTGCGCCAACCAGCAACACGGTGCCGATTAACAGGCCAACAAACAGCGGGCCGTGCG
CCCTGCCC,730197,730205,leading,CCGGCGGGGTGACGTCCGGCCATCCGGTCAATCCGCTGCTCGGTGCAAAGGTCCTTCCCGGTGAAACCGACATCGCCCTGCCCGGCCCGCTGCCGTTCATTCTCTCCCGCACCTACAGCAGTTACCGGACAAAAACGCCCGCGCCGGTGG
GGGAAGGG,740415,740423,leading,GCGCGGTGATGACCGGTAATCACGAGATGTACAAAGTCTTTACGCCTTTTAAGAATGCCTGGCTGAAACGGCTGCGGGAAGGGATGCCGGAGTGCGTCGCTGCGCCAAAAGTTCGTAGTAGCGGATCGATAGAGCCCTCGCCATCCATTA
GGGGAGGG,750334,750342,leading,TTAACCAGGCATGTCCTTCCTCGCCAACCATACCCACGCTAATGCCGCTGTCATCCTGGCGGATATCCGCACCGAGGGGAGGGAACTGACCGCTGGCGTTGCGTATGATGACGTTAACGTCTTTACCGGAACGGGAAGCCAGTGATTTGT
GGGCAGGG,760210,760218,leading,CGTCTGGACAGACTTGATGAGCCGAGCAGCAACAAAGTGCTGCCAATCACCATCCACGGTGACGCCGCAGTGACCGGGCAGGGCGTGGTTCAGGAAACCCTGAACATGTCGAAAGCGCGTGGTTATGAAGTTGGCGGTACGGTACGTATC
GGGCAGGG,761068,761076,leading,TTCTTCCACCGCCACGCGGTGATCCACAACCAGTCTAACGGTTCCACTTACACGCCGCTGCAACATATCCATAACGGGCAGGGCGCGTTCCGTGTCTGGGACTCCGTACTGTCTGAAGAAGCAGTGCTGGCGTTTGAATATGGTTATGCC
GGGCAGGG,761296,761304,leading,CAGTTCATCTCCTCTGGCGAACAGAAATGGGGCCGGATGTGTGGTCTGGTGATGTTGCTGCCGCACGGTTACGAAGGGCAGGGGCCGGAGCACTCCTCCGCGCGTCTGGAACGTTATCTGCAACTTTGTGCTGAGCAAAACATGCAGGTT
GGGGAGGG,777694,777702,leading,CTGCAGCAAAAGCGGCCGCAGAGGCAGATGATATTTTCGGTGAGCTAAGCTCTGGTAAGAATGCACCGAAAACGGGGGGAGGGGCGAAAGGGAACAATGCTTCGCCTGCCGGGAGTGGTAATACTAAAAACAATGGCGCATCAGGGGCCG
GGGCAGGG,799964,799972,leading,AAATCTCACCACATCTCGGTATACGAAATTGTTGGCGAGCAGGGGCTACTGCATGAAAAAGGCCGCTATGCGGTCGGGCAGGGACCAATGTGGGTGGTGGTTAACGCACACTAACCGCTGATTTACCCGGCGCAGTCTCTCCTGCGCCGG
GGGCAGGG,878490,878498,leading,GGAAACAAAGCCGATTTTCGGCTGGGGAGTTACTTTGCTCATAGCTTAAAAAATATTCAGTTACAGGAAAGGTCAGGGCAGGGATTCTACAGAGTTCTGGATAAAATTTGTATCGCAATCTCATTCGCTGGCGGAGGCGAAGGAAATGTA
GGGCAGGG,879403,879411,leading,GGCGAGTTGCGTCACTGGCAAGCAGGAAAAGGATTATCTGCGCCGCTTTCCGGAGTTCCGGACGTTTGGGCGCACGGGCAGGGCGGCCTGCTGGACGTGGTTTTAGCGCCTGATTTTGCTCAGTCTCGCCGCATCTGGTTAAGTTATTCC
GGGTAGGG,906381,906389,leading,TAGTGGGTCAGCGGCGGCTCTTTTGCTGACTTGCGGCCTAAACGCTCCATGCTGCGGGCGATCATATCCAGCATCGGGTAGGGGACGGAACGAATACGACAGTCAATATTCAACTCGTCGATCAGCTTCTGCACGATGCTGCGCAGTGTG
GGGGAGGG,907990,907998,leading,CTGAATCAACGCCCTGGCGGTGGTGGGCGGTACGGAAGTAATCACATTGAGAAACCACACCGAAATCCAGCGGGTGGGGAGGGGGATGGGGATCAACCAGCGGCGCTTACCGCTCACCGCCATAAAATGTTCAAACTGTTGCTGATAACT
GGGAAGGG,911527,911535,leading,CTGCAACCGTTTGTTTCATGGTTCTCCATCTCCTGAATGTGATAACGGTAACAAGTTTAGTTCATCTGACGGAGGGGGAAGGGATGGGAGAGAAAGGAGGCACTAACGGTTAAATAGCCCGATGAAAGGAATATCATCGGGCATAAGGCG
GGGCAGGG,914484,914492,leading,CACTAACAGGCTAAGAATAAAACCGTGAACAATTGCCGCCGGGACCATATCCAGCCCGCCAGTACGTTGAAGAACGGGCAGGGTGAAATCCATTGATGTGGCACCGCATAAGCCCAGTGCAGTAGAGCGGCTGCGGCGAATCAGCCCAGG
GGGAAGGG,927808,927816,leading,CCATTAACAGGCGCGCAGGGCTAAGATCGCCCCCAAGTGCCAGCAGGCCGTTAGGCTCACGTAATGCGCCTTCCGGGGAAGGGAAGGCTATTGAATGGCGAGAAAGCTGAACCAGGCGCATGACCGCAAAACTCCACGCAAGTCGGATCG
GGGTAGGG,944686,944694,leading,TGCTGATGGGCATTGGCTTTATCGCCTCTATGCTCCATCTTGGTTCACCAATGCGCGCTTTTAACTCGCTCAACCGGGTAGGGGCTTCAGCACTCAGTAACGAAATCGCCAGCGGTTCGATCTTTTTTGCCGTAGGCGGCATCGGCTGGT
GGGAAGGG,947854,947862,leading,TGGGTGTTTATCTTTGCACTCTATTTCACACCTTATGCGCTAATTGTTGGTCAGTTAGGCTCGACCTTCAAAGATGGGAAGGGCGGGGTCAGTACCTGGATTAAACACACGATGGGACCCGGACTGGCTTATCTCGCCGCGTGGACCTAC
GGGGAGGG,966428,966436,leading,TGATTATCCCCTGGCTCCACTGGCATAATCTTGAACCGGAAGGCGTTATTCTGAGCCATGAACATCTGGATCACCGGGGAGGGCTGGATTCAATATTGCATATATGGCCGATGTTATGGATCAGAAGTCCGTTAAACTGGGAACATCATC
GGGCAGGG,994717,994725,leading,GGCAGAAATGGTTTCGGCAACAATCAGCGTCAGCCACATCAGGCCCAACGCAAAACGCACGCCGACCATAATTGAGGGCAGGGCACCAGGCAGGATCACATGGATAAACAGCGGTATGCCGGATAATCCATAGCTACGCGCCATCTCCAC
GGGCAGGG,1002690,1002698,leading,GTTCCTTTCGAAAACGTGGGCACAGGGGGGGATACCCGATGGCATATTTGCGACCCTGGCGGTCAACGTTTAGGTGGGCAGGGGGCAAGCGGTAATAGCGGTAGCTTTTCCCTGAAAATATTGCAGCCGTTCGTTGGCTCGGTCGTCATT
GGGTAGGG,1006356,1006364,leading,ATTTAGACATTTTGTACTTTTATTGTTGAGGTTATTAAGCGAAGCGACAATGGATTGTGTTGCTGCGGTTTTATAGGGTAGGGGAGAGGCAGATGCGAATTAAACCAGACGATAACTGGCGTTGGTATTACGATGAAGAGCACGATCGAA
GGGAAGGG,1037441,1037449,leading,CGTTGGGCGAGGTGCTGGCAGTCGATCTGTTAAATCTCAACGCCGACGATCGTCACTTTATCAATACGCTTCTCGGGGAAGGGGAAGTGTCAGTGCGCATTCAGCAGGCTGACGACAGTGAAAGTGAAATACAGGAGGCGATCTTCTGCG
GGGCAGGG,1046894,1046902,leading,AGCAAAATAGTTCGCCTGCAAGTTGTTGAGATAAACGTCATTGCGAACGTAGTCACGGATATGCGTGCGCACGCGGGGCAGGGTAGAGTCCGCGGGCAACAGCGAAGACTTAAACTTGTCGTAGTTGTTGTAAATATTGGTGAAAATACC
GGGCAGGG,1047517,1047525,leading,GGTTTGCTACCGTGGTGTACTGCAATCCTTCAGATTCAGGCGCAGGTTGATATGCCGGTTTTGGCGTATCGCGCAGGGCAGGGCGCAGATCGTTGAAATTGGTCCGTAACGTGAAGCCAAACATCAACGTGTTACCGCGTTCATAACTCA
GGGAAGGG,1057403,1057411,leading,TGCAGGAGATGCTGGAACGCCATCCAGAAATCGACGTCGTTGCCGGAACGGCCATTGCGGCAGAGGCGGCAATGGGGGAAGGGCGTAACCTGAAAACGCCGCTTACCGTGGTGTCGTTTTATCTTTCACATCAGGTGTATCGCGGGCTGA
GGGCAGGG,1071512,1071520,leading,CAGAGCATTAAACGTTTCGGGATCGGTCACGTTGCAGGCGTGTCCGCCATAGGGCATCACCATTTTCTGGCTATCGGGCAGGGCGGCATGAAGTTCACTGGAACATGCTGTTGGCACCAGCAGATCATCACTGGCGCAGATGATTTGCAC
GGGTAGGG,1080843,1080851,leading,TGTGCTCCAGTGCGATTACCGAAGATTTGTACAAAGCGTTTCTGCGTAAACATGCCAGCCAGAAAGAGCTGGTGTGGGTAGGGCGTGTGATGGTGCTGGTGGTGGCGCTGGTGGCGATTGCGCTGGCGGCAAACCCGGAAAACCGCGTGC
GGGAAGGG,1082161,1082169,leading,CAGTCGATAGCGCATTGCAGCGTGGAAATCATCATGGCTGGGCGCTGGTGATGATGGTCTTTTTTGCCGTTGCAAGGGAAGGGCTGGAGTCGGTCTTTTTCCTGCTGGCGGCATTTCAACAAGATGTCGGGATCTGGCCGCCGCTGGGTG
GGGAAGGG,1084425,1084433,leading,CCCAGGACACGGTTATCCATGCGCTGCGCGATATCATCAAACACACGCCGGATTTGCTCAGTGTGCGCTGGAAGCGGGAAGGGTTTATTTCCGATCACGCGGCGCGTAGTAAAGGCAAAGAGACGCCGATTAATTTGCTGGGTTTCAAAG
GGGTAGGG,1099312,1099320,leading,ATGGCCCGGATATGGAAGATGCGCCGCATCACTGGCACTTCATTAACATGCGTATCTGGCCGCGAGTGGTTGATGGGGTAGGGATCCTGCGCGGCATCGAAGCTAACATTAAAAATGTTGATGGTGAAATTGACTGCAGCGGTAAAATGT
GGGCAGGG,1100884,1100892,leading,ATGTGTATTCAGGCCAAACAGCTGCTGCTTTCATTTGTTCCGGGGACGTTTATAGGCGCATGCGCGACGTTTGCCGGGCAGGGTGACTGGAAACTGGTGTTACCTTCGCTGGCGCTTGGGCTGATATTTGGTTACGCAATGAAAAACAGT
GGGTAGGG,1101725,1101733,leading,CAGCGAGAATCTTTCAGTGCCGTGACCAGCATTGCCGTGGCGCTTTGCGGAACAGCAGTGGAGAAGTTACTTGCCGGGTAGGGTTTAAATTGCCCGGTTTCGTCCTGAATGTTGTATACCGAAACAAAGATTTTACCCGTCGGCGCTGGC
GGGGAGGG,1108699,1108707,leading,ATAAATCATCTGGTTGATGGAACATTGCCGCTTATCTGGGCGAAGACACGTTTATTAAGTGATGATCCGGCGAAAGGGGAGGGCAAGGCAAAACGGCATTCACTGTTACCGCAGCGCCTGTTCGATATCATGGGCTCACCCAGTGAACGC
GGGCAGGG,1115230,1115238,leading,ATGCGTTTAATTGTGGTGAGCATCATGGTGACCTTGCTGAGTGGCTGTGGCAGCATTATTAGTCGCACTATACCGGGGCAGGGGCATGGCAACCAATATTATCCCGGTGTGCAATGGGATGTGCGTGACTCCGCCTGGCGTTATGTCACG
GGGTAGGG,1118055,1118063,leading,TGCACAATTTTTGCGCGTCGTTTCATAAAACGTAACGCCAGTTTTCCTAATCCACAACCGAGGCGGTAGATAACCGGGTAGGGCAATTGCACGACTAACCAAAGTACGCCAATACCCAACCAGGTTAACCAATAACGCGGATGAAGCAGT
GGGTAGGG,1121191,1121199,leading,TATTTCCCCTAAAACTGACGCAAATTTAAAACCGTGCCCACTCAGGCCGGTAATGAGCAGTGTATTATCGTGGCCGGGTAGGGTATCGATAATAAAATCTTCGTCAGGCGAATTATCATAGGTGCAGGCAGCGCCGTACAGGCAGCAACC
GGGCAGGG,1129117,1129125,leading,CGTGAAACCGTGCAGGCCGTGACTGACGGTGCGCTCATCGACATTACGGATATGCGCGAATGGCGTGAGGAGCGCGGGCAGGGCGTAGTGCATAAACCGATTCCTGGTTGGCAGAGTACGCTTGAGCAACGTGGGTTTGTCGGCTGTGCG
GGGCAGGG,1136599,1136607,leading,CCGGTCGCCACTGAACGCTTACACAGCCAGGGAAACCTGTCGCAGACCAACAACAGCAAAGATGTCGCGATTAAAGGGCAGGGCTTTTTCCAGGTGATGTTGCCAGATGGTTCATCAGCCTATACCCGTGACGGCTCTTTCCAGGTGGAT
GGGCAGGG,1140522,1140530,leading,GCGTTGATCAGATCAACAACTACGCTAAACAAATTGCCAGCCTGAACGATCAAATCTCGCGCCTGACAGGCGTGGGGGCAGGGGCGTCACCTAACAATCTGCTGGATCAACGCGATCAACTGGTGAGCGAATTAAACCAGATTGTTGGTG
CCCTTCCC,1147608,1147616,leading,CAGGCCGCCAGCACCGATTGCCGGATGCGACGTAACCACATCCGGCGCAAAAAACTATCCCATCAGCGGGTTTTTCCCTTCCCGACGTAACATCTGACACAGCGCGATTAGCGGTAAACCAACCAGCGTGTTAGGATCACGCCCCTCTAA
GGGAAGGG,1156265,1156273,leading,ATACCGCCAATACCACCGATGTCGCGTTACTCAAGCGAGCGCACAAGAAAATGGTGAAAGCGGTCGATAGCGCCTGGGAAGGGCGTGCGGACGGTCTGCCTTATAAAGATAAAAACCAGTTGGTGACGATGGCATCAATTATCGAAAAAG
CCCTGCCC,1182109,1182117,leading,CGCGCACTTTTCCGGCCTCTTTTATCGTTTACTCGTCAATAACAATGCGGCAATAAACGTACAGACACCAATTAGCCCTGCCCAGAGTGGCGATATTCTGGTAATCGCAAAGCTATTATCGATATACAAACATAAAGCCTGATAACCCAT
GGGGAGGG,1192104,1192112,leading,TTTCTCCCTGTCTTAATTATTAAAATAGTGTAACGCGATTATGTGGTTATGGGGGTAAACATTAAATAAACCAGCGGGGAGGGGAGGTAAAGTGAAAAAATAAAAAGCGGATAATCTTAATAAGCAGGCCGGACAGCATCGCCATCCGGC
GGGCAGGG,1196114,1196122,leading,AATACTTTTGCGTTCACGAATTGGTGGATTCCGCGGCCATAACCACGCGGGTTCGTCAACCAGCTCCGCGCCGGCGGGCAGGGTAGGGCCATCATTTAAGGTTACGCCATTGCGCAAGGCTTCAAGTGCGTCTTGTGTGGGAATACCTTC
GGGTAGGG,1196119,1196127,leading,TTTTGCGTTCACGAATTGGTGGATTCCGCGGCCATAACCACGCGGGTTCGTCAACCAGCTCCGCGCCGGCGGGCAGGGTAGGGCCATCATTTAAGGTTACGCCATTGCGCAAGGCTTCAAGTGCGTCTTGTGTGGGAATACCTTCCACCT
GGGCAGGG,1204145,1204153,leading,TCTCCCGGGCGGTACTCATCAATCATTGAATCACCTATTACCCGCAAGATATAAGTCATTTCCCCACAGGGTACAGGGCAGGGATACGTTTCTGCTGTGCTCAAATCAACCTCAGAATATCCAACTTCTTTCCATGCTCCGGCCTGTACC
GGGAAGGG,1219721,1219729,leading,CGCCTGAAGAGATCCTGCGACGGGCAATAAATAATGGGGAGATCGTCCCTTTTTACCAACCTGTGGTAAATGGTCGGGAAGGGACATTGCGGGGAGTTGAGGTGTTAGCCCGCTGGAAACAACCTCACGGTGGATATATATCACCCGCGG
GGGCAGGG,1233938,1233946,leading,CCCGGGAGTGAGCAATTGATGACGGTAATGGATACACTGAATGCTAAAGAGGGCAGAGGAACACTCTATTTTGCCGGGCAGGGGATCCAGCAACAATGGCAGATGAAGCGAGCCATGCTTTCACCACGTTATACAACGCGAAGTTCTGAT
GGGCAGGG,1242991,1242999,leading,GCTACCTTCCAGCGCAGTAGTTAATGAGAAAATCAGAATACCGCCACTTAATGCCAGCAATGGATATAATCCGGCGGGCAGGGCGATGCGGTTGATCATTTGCAGTAGTAAATAACCGCCGCCAAGACCTATTACAATGCCCAGACCAAA
GGGCAGGG,1265065,1265073,leading,ACCTTTGGGCGTGGTAACGGAACAGGCAGTGAGCACAAGAGCAGCCAGCGGTAGCAGGCGGATAAGACGAAAATCGGGCAGGGGCATAGTGATGACAAGTCCTTGAGATACGTTGCAGTTATAACCCTTAATGCTAGCGTTACCGTCCGC
GGGAAGGG,1276612,1276620,leading,TATTAAGTTTGACGCCGGGCGCACAAGCCAACAGCGCGGAGGGCTGGACGCTGATCATGCCTGACTGGCAGAACGGGGAAGGGGCAAGCAATCACTGGCGATTGTCTGTGGTGGTGGAAGATAACCAGGGGCAGCGTGTCTCCTCCAATG
GGGTAGGG,1279353,1279361,leading,ATTGGCTGAAGTATACCCATACCCGGAAAGAGTTACTCCTTATTTGCCGTGTGGTTAGTCGCTTTACATCGGTAAGGGTAGGGATTTTACAGCACCGTGAAAAATCTCATAATTTTTATGAAGTCACTGTACTCACTATGGGTAATGATA
GGGCAGGG,1280559,1280567,leading,ACTCGTGTCACGCTGGTGAACTTTATTCTGATGGCGATTTTCAGCGGCCTGCTGTTCCTGACCTTACCGACTGACGGGCAGGGCGGAAGCTTCATGGCGTTCTTCGCGGTCTTCCTGGCGCTGTTCCTGACAGCTGGGCTGGGTAGTGGT
CCCTTCCC,1289049,1289057,leading,CTCACCCTTCGGGCCGTTGCCTGTGGCAACGTTCTCTCGCTTTCGCTCGAATCGAACCTTAGTCGAAGGTTCTCACCCTTCCCCGATGAGTGCAAACTTTCACAATCTCACCGAAGTTACCACATCGCTGTGGTGAATTATGGTGGTGGG
GGGCAGGG,1290293,1290301,leading,TGAGAGTGTTTGCTAAACCGTACCGTCAACCATTATTGGCCGCAGCACTTTTTAAATTTTTTACCTGAACCACAAGGGCAGGGATCGTTGCGACCAAACTGCGGACGTGTACCGTCAATATAGTACCATTGACCGTTTTCTTTCAAAAAT
GGGCAGGG,1320401,1320409,leading,CCAGTCAAAACGTTGCCCGCTTCCACCCTGGCCGTTGTCTAAAACATATTTATCAACGTGCTGAAACTCGCGGGCGGGCAGGGTTTCACCGACGCTTAATGCTTTCCAGATGGCAACATGTGCTGGCAGAGCTTCACGCAGCGTATCGAT
GGGCAGGG,1323836,1323844,leading,TCATTATCCTGCATAAAAAACATGTACGGGCTGGGATTACTCTTTTTCAGCACGTAATAGGCCGCCAGCGGTGACGGGCAGGGCAGAGAGAAACGGCGAGATGGCACCACCTGGAAAATTTCTCCAGCGCGAATCGCTTTTTGCAACAAA
GGGGAGGG,1328159,1328167,leading,CAGTGGACGTCGGCGGAAAGGGGAAACACGGAAACTGGATTACGCGTTGCTAGGTTGGGCTATATCGGCAAATTTGGGGAGGGAATGGGCGTTACGCATTGCCCCTTCGCTTTCTTCGGCGATTCGCGCTCCAGAGATTGCCCGTAACGG
GGGTAGGG,1336283,1336291,leading,CAGGGTTAACGCCGCGTATCGTTTTCACGGCAACGGATGCTGACGTCATTAAAACTTACGTCCGGTTAGGGCTGGGGGTAGGGGTCATTGCCAGCATGGCGGTGGATCCGGTCGCCGATCCCGACCTTGTGCGTGTTGATGCTCACGATA
GGGAAGGG,1351866,1351874,leading,GCTTTTGCCGGTGATGTGGCGTTGTTCCATGGGCGCTCCTTGGTCGTAAAGGAAATCGTTATCCTGACGCAAGGCGGGAAGGGGAGAAAGACGGATCGGCGATAACAAATATCAGAAAGGTATAACAGAGATAACGGGCGGCAGAACGCC
GGGCAGGG,1387473,1387481,leading,GCGTTACGTCCGAAACGCAGCCTGTGGCGCAAAATGGTGATGGGAGGGCTGGCTCTGTTTGGCGCAAGCGTTGTCGGGCAGGGTGTACAGTGGACAATGAATGCCTGGCAAACCCAGGACTGGGTGGCGCTGGGTGGATGTGCCGCTGGG
GGGAAGGG,1407888,1407896,leading,CGCTGCAGCTTGATAATTTCCTCACCACCGGATTTCTCGACATCATCCCACTAAGTCAGCCGCTGGAGTTTCGGCGGGAAGGGTTGCAACATGGGGTGCTGGATAAGCTGCGCAGTGGTAAATATCCGCAACAGGCGAGCCTGAATCTTT
CCCTACCC,1421992,1422000,leading,TGCTCTATCGCTCGGCCTAAGTCTTTACCACTAAGCATTGCTTAATATTCTCCTATGCGCATTACATTAGGCAATCCCTACCCTTACTGCATTAGGCACAGCCTATTGACAATTGCGTTAGGCGTCGCCTAATATTTCTGTGTGTTTTTG
GGGGAGGG,1440533,1440541,leading,CTCTTCGGCGATATTGCGTTTTTCCCAGCGCGTAGTGCCCATCGGCCAGGTGCCGTCTGGCGGCAGCGCCGAAACGGGGAGGGCGTCACCAAGCCCGGCGAGCATCGCAGCGGTTACGGTTTTCACGAAATCAGGGGCGGCATCGGAAAC
GGGTAGGG,1442787,1442795,leading,TCTGTGCTGCCTATTATTTATGGCGGTGTCGTTTGGCTTGAAGATCAGAGGAAGAAAAGATGCGAGCAGCGTTTTGGGTAGGGTGTGCCGCTTTATTGTTGTCGGCGTGTAGTAGTGAACCTGTTCAGCAGGCGACTGCCGCGCACGTAG
GGGCAGGG,1466015,1466023,leading,TTTTACTGATCCATTTTTATCGCCGTGTCGTCCTTAAAGACCCATTGTTGCCGGAGGAGTTGCTTCCGGCACACTGGGCAGGGCATACGGCGCGTCAGCTGTGTATCAACATTTATCAGCGCGTAGCGCCTGCTGCTTTAGCGTTCGTTA
GGGCAGGG,1475922,1475930,leading,TAATCTTGTTTACACCTTCGCATTATTTATCTCTTTTCGTTTCTATACTGATTTTTCTTAATCCGTTTTATTACAGGGCAGGGTGCGATGAGCAGCAATACATTTACTCTCGGTACAAAATCCGTTAACCGTCTTGGTTATGGCGCGATG
GGGCAGGG,1500966,1500974,leading,GTTATCTCGTTTAATCGTATTGAACCACTGAATAAAACCGCTGAAATAGGCTACTGGCTGGACGAATCTCATCAGGGGCAGGGGATCATTTCTCAGGCGCTGCAGGCATTGATTCATCATTACGCCCAGTCTGGTGAACTTAGACGCTTC
GGGCAGGG,1506846,1506854,leading,ATGCAGCGCCTGATACAAACTGCCGCCGATGGTACTTAACAGCGCCAGACCTGCCAGCATCTGGATCCAACTTACGGGCAGGGCAGCCATCATCCCGGTAATGGCACTACCAAACAGACCTGCGAGCAAATAGAAAATGCCTGCAACGGC
GGGCAGGG,1518535,1518543,leading,CAACGAAGAACAGGTGGTGAACTGGGCGAATGACAGCCAGTACGGACTTGCATCTTCGGTATGGACGAAAGATGTGGGCAGGGCGCATCGCGTCAGCGCACGGCTGCAATATGGTTGTACCTGGGTCAATACCCATTTCATGCTGGTAAG
GGGCAGGG,1529062,1529070,leading,GGATGTATTTTAAATGTTGATTCTTAATATAACCTAATCAATAGATTATCAAGTGAGAGCTACACATTATTGGAGGGGCAGGGGAAAACACCATTTTGGGAACAATGCATCAGGTACTCTTACCACTGAAGCAAGATCATCCGGCACCAG
GGGCAGGG,1532180,1532188,leading,TAAATGGTCATAATGAACAACACCAGAAAGAGAAAAATATAAAATACATACAGAAAGACATGAGAGCAAGGGACGGGGCAGGGCAAGATCATGAAAATTGTGATGTAAATCACGATTTTCATCTTTGCTTTAACGCCTACAGGTGATCAA
GGGAAGGG,1558389,1558397,leading,TTTTAAGCCCACAGGAGAGCAACAATGACAATCCATAAGAAAGGTCAGGCACACTGGGAAGGCGATATCAAACGCGGGAAGGGAACAGTATCCACCGAGAGTGGCGTGCTGAACCAACAGCCGTATGGATTTAACACGCGTTTTGAAGGC
GGGGAGGG,1559011,1559019,leading,TTGCGGCAACGTGCGGTTTCCCGGCAGATCCGTTTTACGTAATGCCCATTCTTCCTCCAGCGGTTTATCAATGGCGGGGAGGGAATCCAGCAATAATCGGGTGTATGGATGTGCAGGTGCCGTCAGCACCTGCTGCGCGTCGCCCAGTTC
terminus,1561332,,,
GGGTAGGG,1565098,1565106,lagging,GCGAGTGCGGGCGAGAGGAATTTGTCAGATTTTCAGCGGTAACACGCTGCTCATCCAGCCTGGAATTTCTTCGGCGGGTAGGGGGCGGGAAAAGAAATATCCCTGAATAACGCGACAGTGGATCTTGCGTAGCATCTCAAATTGCTCTTT
GGGAAGGG,1565978,1565986,lagging,GCATTGTGAGCAGTGGAGAGCAAGTAATCGCGGTTTTTACCCAGGTCGTAGCTGATGCCAATACTCAAGGTAAGCGGGAAGGGTTTATCGTCAATCATTATCGGCTTGCTGACCACATTCCGTAGCTCATCGGCGATTTGGGTAATGTTA
GGGCAGGG,1570823,1570831,lagging,CTGACTGTTGATTGGCTCCAGAGTGACGCCGGTATTTGCTTTGCCTTTACGATCATGAACAGCATAGAGAATAAAGGGCAGGGCAAGTACCACCAGGAAACTAACAACCAGTAATTCAACATACATATCGGTAGAATCACCCTGGATGTT
GGGCAGGG,1579691,1579699,lagging,GTGGTCATGAATACGCGCAGCCAATTTCCCAAGACCAACCTGATGCAGTACTTCGCTCAACGATTTATCGTCTACGGGCAGGGGAAGTGCTTTACAAATAATCTCTTTCAGTAAGCCGGTTTTGATTAACGGTGTTTGTGACACATACCA
GGGCAGGG,1580815,1580823,lagging,ATTCGCGCCAGCGAATAGTCAGTAGTTTAATTAACCATGTTTTGTTTACGGATATTAATACAAAGATCCCCAGCAGGGCAGGGAACCAAAGGACAAGCTGCCAAAGCTTATCGGTTTCTTTCTGGCTTAGCGCATTGAAAAAATCATTAT
GGGCAGGG,1584571,1584579,lagging,GGTTATGCAAGTGCATAAATATGTGATGGATGTCACTTATTTATTTCAATAAATATATCGCCTAAAAACAACGCGGGGCAGGGAATGGCTGCCCCATTTAATTCTTACGCAGCGTGTGTGGTTGACTACTCGTTAGCAAATAATCAAATA
GGGAAGGG,1589125,1589133,lagging,GTAATATAGAGTTTTAACGGTAATGGCATCGGTGTCTTATCACCAATATCCAATACGTTGGTATTTGTCGTCAACGGGAAGGGGTAGGTCACATTATTCCAGTACAGCGATCCTTTATATGACTGTAGGGAGCCTGCGAAAGCTGAGCCT
GGGCAGGG,1592340,1592348,lagging,CCTTAAATAAGTAACAGCACCCTCTGGTGTTTTCGTATGCAGTGTCTATGCGACAGACACTGCGCTCTTAGCATGGGGCAGGGAATAACCAGGCTATTTCTCCATGCACAGGCCAATTATGAAAGAGGAGAGGCTTAAGTTCTTGAACCC
CCCTTCCC,1595471,1595479,lagging,TTGATGGGATCGGGTGTATCCGCTGGCGTTACGCCGTCCCATTTACTGGTCAGATACCAGTTTTTCTCGTCATTCCCCTTCCCTTTAGCCAGCGTGTAGACGTAAGCCCCAGCTTCGACAGTTCCGGTGGTCAGCGCGAAGTTACCTGCA
CCCTTCCC,1596252,1596260,lagging,ATGTTGAATTGCCCCACAAAGCGGCTATTATCGCCATCCAACTCTACATCTGTCCTGGCGGTTGCGCTCACGATACCCTTCCCGCTTATGCTATTACGCAGTTCGCCAGTCACGTTTTTTAGCGTTAACAGACCGTCATTGGCAATATTT
CCCTGCCC,1607434,1607442,lagging,AATCGTTACAAACCGCAGAAGGAATATTAAAAGCGTATAGCGATCTCGACGCCATTATCGCCCCCGATGCCAACGCCCTGCCCGCTGCCGCACAAGCCGCAGAAAACTTGAAAAATGACAAAGTAGCGATTGTCGGATTCAGTACGCCAA
CCCTGCCC,1645134,1645142,lagging,TCCGTATGCAGCTCGTTGTGATGCTTTCTGCACAAAGGCAACACAAAGAGATCATGTGCTTTTGTTCCCATTCCGCCCTGCCCGTGACCAATCAGATGATGCGGATCGTCGGCTGGCATACCGCAGCAAGCACACGGCTGTGTCTTAACC
CCCTGCCC,1651997,1652005,lagging,CCTGGAACATTATCCGGCTGCTCAGGACTGCGCTTATAAATTTATTGTCTGCGAGGATAAACCTGGCATACCCCGCCCTGCCCTCGATTCATGGGATGCTGAATATATGCAGGAAAACCGCTGGGATGAGGAGTCTGCTTCTTTTGTCCC
CCCTTCCC,1691862,1691870,lagging,CCCATTGCCGGGAAAGAAAATCCGTGGATTAAAAGCGGTCAGAGCGTCATCTTCAACGAATCGGTTGATCATGGTCCCTTCCCGCTTGCCCAGCTTAAAAAACTGAACCTGATCCCGTCGATGGCATCAATTCAAACCACGCTGGTTAAT
CCCTGCCC,1713573,1713581,lagging,ATATCATCAAAACCTGCCGTATCTTGCTGGAGCAGCATAATGGCGAGGTTCCGGAAGATCGTGCTGCGCTTGAAGCCCTGCCCGGCGTAGGTCGTAAAACAGCCAACGTCGTATTAAACACTGCATTCGGCTGGCCGACTATTGCTGTCG
CCCTACCC,1726264,1726272,lagging,GGGTAATGCTTTCAGATCGGGCGAAAACTCCAGACCTTTATCGGTTTCAGTAATGGTGACGCTACCAATTGACTGCCCTACCCCTTGCGACGTGACGAGGTTCATCTCGACTTTTTCACTGGCAGCTTGTGCGCCGGTTGCAACAACCAG
CCCTTCCC,1742593,1742601,lagging,ATCCTGATCCCATTCTGTGTGATGGCGATTGCCAATGGCGCGATCTACCCTATTGTTGTCGCCCAGGCGCTGCGTCCCTTCCCACACGCAACTGGTCGCGCCGCAGCGTTGCAGAACACTCTTCAACTGGGTCTGTGCTTCCTCGCAAGT
CCCTGCCC,1759548,1759556,lagging,ACCATTCTGCGCTGACTCTACTGAAGGCGCATTGCTGGCTGCGGGAGTTGCTCCACTGCTCACCGAAACCGGATACCCTGCCCGACGATACAACGCTTTATCGACTAACTTCTGATCTACAGCCTTATTGTCTTTAAATTGCGTAAAGCC
CCCTTCCC,1761484,1761492,lagging,GGCTTCAAACCGCCATGGTGCTTTGGTCCAGGTAGTGCCTTCACTCAGGCTGACGGTGGCGATCATAGAACCGCCCCCTTCCCACGGCGGCATCTCCTGCAACAAGGCTTCTTTCACATAAAGAATGCCAATTCCGGTGGGGCCATACAG
CCCTCCCC,1777181,1777189,lagging,AATCTCGGTAAATGATTTGCGCACGGTATTAACTATTTTACACCAGGCATAAGCAATAATATTTCGGCGGGAACACCCTCCCCGCCGAACTAAAAAATATATTCAATCGTATTTAATAAAAATATTTCGTGAGTCTCTGTGCGCTAATTC
CCCTGCCC,1780647,1780655,lagging,GAAGATGTTTGGCTATTTTTACTTTGCGGCAAAATCACACTTAGCTCATTAAATAAGGTTTTTATGACTTCTTTTCCCTGCCCCGCGGCAATTACCGGACAAGAATGCGGTTGCAGTAGCTGATTTTCCTCAGCCCCCTGAAACTGAAAG
CCCTGCCC,1783022,1783030,lagging,CATCAATAAAGATAAAAATGCGCCAATCTTCAACTATGCCGACTACGGTCTGGTGGGCGATATCTACAAAGTCGTCCCTGCCCTGATTAGCCAGTTGAGCCGCTAATTCCCCTTTCAACCACATCTCCCGCTGTAAACGCAGCGGGAAGG
GGGAAGGG,1783090,1783098,lagging,AAGTCGTCCCTGCCCTGATTAGCCAGTTGAGCCGCTAATTCCCCTTTCAACCACATCTCCCGCTGTAAACGCAGCGGGAAGGGAGCATAACGCATGTCGGATGACAAATTTGATGCCATTGTGGTCGGTGCGGGCGTTGCTGGTAGCGTT
CCCTCCCC,1822755,1822763,lagging,CCAATACCTTTCAGACCATTAAGTGTTTCAATGGTTGAGGCGTCGAGGCGAATACCTAAGGAATAAAAAAACGACCCCTCCCCAAAGCTTAGAAAAACGTTGTTAATTAATACAAACATGGCCCCCGCAAGGGTTAACGGCATTAAGCGA
CCCTACCC,1835619,1835627,lagging,ACAATATTCAAAATTACGCTTACGGATTAACCACAATCGCCTTCTGGCCTTATACCCTTATTTCGGCACTCACGACCCTACCCGGTATTGTTATTTATACCGTGATGGCAAGCGATCTCGCCAATGAAGGCATTACGCTGCGCTTTATTT
CCCTTCCC,1850228,1850236,lagging,GGCTTTGTCGATAGCTTTGTCATCACTACCGGCAGCAATCGCCCCCTGTTCCAGTACGGCGCTGAAACGCTCGCGCCCTTCCCCTTCAATCACAAAAAAATGCCACGGTTGCATGGACTTATGGTCCGGCGCACGCATACCCGCACGCAG
CCCTGCCC,1867291,1867299,lagging,CCGAGTTCAATGCCCGCGCGTAGTGCAGCAACTTCTGTTTTGCGCTGACTGGCATCTTCGCCCATATACCATGTTCCCTGCCCTACGGCTGGCAGTGAGACATCGCCACTAAATTGAATCATTTTTTGTTGCATTGTTTCCTCCCAGGTA
CCCTCCCC,1873647,1873655,lagging,AAGTGCAAAAATATTCAGAGCCATGCTTTTTGCGTGGCTTTTGCATACAATTTATTACTATTACCCCTAAATTTCCCCTCCCCAGCGGCGCAGAGATGAGTATAATTAGCGCCCCTGTGCCAGGCCGCAATCGAACTTTATCTGGTTTTC
CCCTGCCC,1882807,1882815,lagging,TATTCCGGTAGCACTTGCACTAAATGACCACTGGCAATGTTTTCGCTAACATCCCACCAGGAACGCAGAGCAATCCCCTGCCCATCGAGACACCACTGATGGACAATTTCTCCATGATTAGACGACAGTGGGCCGGTGACTTTAATCGCA
CCCTGCCC,1883970,1883978,lagging,GGTTCGCTGCTGAAATTTCGTCGTGAATTCGACCAGTACGTCAACCTGCGCCCGGTTCGTCTCTTTCCTGGCGTTCCCTGCCCGCTGGCGGGAAAACAGCCTGGCGACATCGATTTTTACGTGGTCAGGGAAAACACCGAAGGCGAATAT
CCCTTCCC,1886168,1886176,lagging,TCACTCTGATCCCGCTTTCCATCTTGTTTACCGGTGCTTCGCTGGAAACGATGAAAACCACCGTCGTGCTCACAGCCCTTCCCTTCCTCGTCATTTTACTGGTGAAAGTCGGCGGGTTTATTCGCTGGCTGAAACAGGATTACGCCGACA
CCCTACCC,1893203,1893211,lagging,GCCGTAAGGACGCATCACCAGCCGATTGTCACAAATCACCAGCACGCCACGATCGTCGGCGTCGCGAATCAGTCGCCCTACCCCCTGTTTGAGAGTAATGACGGCATCTGGTAGTTGCACTTCATCGAACGGGTCGCCACCGCGCAAACG
CCCTTCCC,1893377,1893385,lagging,CAGTGGATCATCCGGCGAGGTAAACGGCAATTTGTCGATAATTACCAATGACAATGTATCGCCACGCACGTCCACCCCTTCCCAGAAACTGCTGGTTGCCACAAGAAGCGCATTACCGGCGCTGACAAATTGCTGCAACAGTTGCCCTTT
CCCTTCCC,1897514,1897522,lagging,GATTTAATGCGTAATGATATCGGTCGTGTTGCCGTAGCAGGTTCGGTAAAAGTACCAGAGCTGTTCGTGGTGGAACCCTTCCCTGCCGTGCATCATCTGGTCAGCACCATAACGGCGCAACTACCAGAACAGTTACACGCCAGCGATCTG
CCCTGCCC,1912857,1912865,lagging,TGCGTATCCCGCTGTTTTCACTTTCTATTTGCACATCTGTTTGCTCTTTCTGCGCACAAATGCTGGCAATGGTTTCCCTGCCCTTTTACCTGCAAACCGTGCTCGGGCGTAGTGAAGTCGAAACAGGTTTACTTCTGACACCGTGGCCGT
CCCTGCCC,1923642,1923650,lagging,AACGTTAACCATTCCTTGTAAATCTGACCCCGATTTATGTATGCAACTGGATGCCTGGGATGCTGAAACCAGTATCCCTGCCCTGCTAAATGGCGAACACTCTGTCCTTTACCGTACCCGTTACGATCAACAATCTGATGCCTGGATTAT
CCCTGCCC,1924156,1924164,lagging,TAATGCAGGTTGCCAATATCCACGCGATGTCGCAACGGTGTATGACCAAACCAGAAATGATCAGCACCTGTAATTCCCTGCCCTTTTTGGCGTTCACCTAATCGCGAGCGGCTCCACAAGACCTGATGCAAATCAACGTCCTTTTGCCAT
CCCTTCCC,1935127,1935135,lagging,CACTTTTGTCCCACCATGATGAGAGAAAGGTTGTTCGAAGGAAGCGATCACATTGCTGTCGAGTGATTTTTCCGCCCCTTCCCGCCAGTCCAGTTCACCATTATTCAGCCATGGTTCAAGGGTATAACGAGACAGACCAAAACCTGCCAC
CCCTCCCC,1964627,1964635,lagging,GTAGAAAGAGGCGCAGACGACATCGACTCACCGCGATGATTTAGCGTAATTCCTACACTACTTGCCTGCCACATCCCCTCCCCGGCGGCTTGCACCAGCAGCGGAAACAATAATATTGCTAATAAGGTTCTCATTATTTGCCGCCAATTG
CCCTGCCC,2011660,2011668,lagging,TGCGGCACCGCAGACTGCTAAGGAGATCGCATGAAAAATATCGTTCCTGATTACCGCCTTGATATGGTGGGTGAACCCTGCCCTTATCCGGCAGTCGCAACCCTTGAGGCGATGCCGCAGTTAAAAAAAGGGGAAATCCTGGAAGTGGTG
CCCTCCCC,2019083,2019091,lagging,GGCAAGCAGTTGCCGCTCGGTCCGGCGTTATTAGGTCGCGTTCTGGACGGCAGCGGTAAACCGCTCGATGGCCTGCCCTCCCCCGATACGACGGAAACCGGTGCGCTGATTACCCCGCCATTTAACCCGTTGCAACGTACACCGATTGAA
CCCTCCCC,2030349,2030357,lagging,ATTAGCACACCAGGCCGGATGTGATCCGGCCTGATGTTAATGATACCCTTTCACACTTCTTCCGCAGAACGACTCCCCTCCCCCGGAACAAGCTCGGTTTCATGAAAAGCTTCCCGCTTGACCCCGTAACCGTCATACCAACGACACTCA
CCCTTCCC,2032292,2032300,lagging,TGCGATTGAGATGCTGGCGGCAGGCGTGGTGTTAATGATCGCGTCGATGATTGCGGGTGAAAAACTGACGGCGCTCCCTTCCCTTTCAGGCTTCCTTGCGGTCGGCTATCTGGCGCTGTTTGGTTCGATTATCGCCATCAACGCTTATAT
CCCTGCCC,2032948,2032956,lagging,ATCACGCAGCGATATTCATCAACGACAAAATCCGGACGTCCGGGCAGACTGGCGTCCTGAACGCGAAATGCCAGGCCCTGCCCGGTTAACAGACTGGCGAGGCGCTTCTCTATCGCCGTATCACGCGTGGCAATCGCGCGCATATTTTTG
CCCTGCCC,2037522,2037530,lagging,TCAGGCTTTTTTATTGGCATTTCATCTCCATCTGCGGCACACGCAATTGCCGAAGCATATCGATACAGCACCTTACCCTGCCCCTCCTGGCACAATAACATCAACCAGCTACTCTTCAAGCTAACACCCAAATGCATTTCTTTATGAATT
CCCTTCCC,2045833,2045841,lagging,GTTCAAGTGACGAGTTTGCGAGCAAAACGATGATTAAGTGGCCCTGGAAAGTACAAGAATCAGCACATCAAACTGCCCTTCCCTGGCAGGAAGCACTATCGATCCCCCTTTTAACGTGTCTGACGGAACAGGAACAAAGCAAATTAGTCA
CCCTTCCC,2048145,2048153,lagging,GATGAAGTGGCCCTGTTCGATAAAGACGATCGGCAAAGTAATCCTCATGCCATAACCGCTGGACTTAACTATACCCCCTTCCCGCTGATGACCTTCAGCGCGGAGCAACGCCAGGGTAAACAGGGCGAAAATGACACCCGTTTTGCCGTC
GGGGAGGG,2060004,2060012,lagging,AGGCATTTTTCTCTTTATCTTTGTACGGTACTTCATGGAACAGAGTTTTTGACCTTGCGAATCGTGATGTCTGTTGGGGAGGGACAATTTGCTCACTGAAGCGTGAGACTCGATTAAGCGCACGAAACACAGAAATCAAAAAACCCGGTC
CCCTACCC,2060807,2060815,lagging,CCAGGCGATGGCCGTTAATCCAAGAGTGGAAAGCCAGAACACATGCCGCAACTGAATCTCTGCTTGCGCTATCTGCCCTACCCCCAACCTTCGGCCTGTAATGATCGTAGAAGCAGAGCCGAGCGCACTTCCGGGTAAGTTGATAAGAGC
CCCTGCCC,2061146,2061154,lagging,CGCAGGATTAAAACCAATCGCCAGCACCCACAAAATTGCAACTGCGCCAATATAACGAGAAATGGTTAAACCCAGCCCTGCCCCGACAAATCCCAGTCCCGGCCAGGAGAAAAGGCCGTAAATCAATATGCCGCTAATAATAATATTAAG
CCCTGCCC,2064235,2064243,lagging,GTACAAGCTAACCAACTGTCAAATAAGAGATTATGATAGATTCGTCATTTGCTCCTTTAATCAGCTGTCGCGTTCCCCTGCCCTATAAAAGGAGGGTATGCACCACGATGGTTCATTACCCAATAAGATTGAAAGCTCACCACTTTGTTG
GGGCAGGG,2078133,2078141,lagging,GCAACGGCGAATGGTCTGATTCTCATGAAACTGCCGGAAACCTGGAGTACAAATGAGAAAATGTTTGCTTCCGGAGGGCAGGGACATGGGTTTGCCGCTGAACGGGGAAACCATATTGTCGACAGAGTCCGTCTGAAAAACGCACGGATC
CCCTACCC,2083637,2083645,lagging,GCCTTCCCCGACAGATTCCAGGGTAACCAGCGGCCAGTGCGCCACCTGTTTATCACGGTCGTAAAGTTCAATTTCCCCTACCCGCTGATGGGCGCTAATTGGCGCGGTGAGTTCTTTACCATCAAGGGTATATTTGGCTTTGATATGTGG
CCCTACCC,2095257,2095265,lagging,GCTCTGGCGGGGCTTCGTTGCGGATTTACGCTGGCAAACGAAGAAGTCATCAACCTGCTGATGAAAGTGATCGCCCCCTACCCGCTCTCGACGCCGGTTGCCGACATTGCGGCCCAGGCGTTAAGCCCACAGGGAATCGTCGCCATGCGC
CCCTGCCC,2096643,2096651,lagging,ATCATCACCGTGTAGAGAGTCTGTTCAAAGCCTTTGGTCGCACCCTGCGCCAGGCCATCCGCGTGGAAGGCGATACCCTGCCCTCGTCGAAAGGAGTGCTGTAATGAACGTGGTGATCCTTGATACCGGCTGCGCCAACCTGAACTCGGT
CCCTGCCC,2099427,2099435,lagging,GCATCAGTGAGTTGCGGGGTAAGCGGATGCGATATTGTTGCCGCATCCGGCAAAAAAACGGGCAAGGTGTCACCACCCTGCCCTTTTTCTTTAAAACCGAAAAGATTACTTCGCGTTGTAATTGCGTAGAGCATTACGCCCCAGCACAAT
CCCTGCCC,2127077,2127085,lagging,GATTGCAGCGGGAAAAATTGCATGTTGCGCAGTCCACGCTGCTGCGCCATTTTTTCCAGCCGCGCTTTGCCGCCGCCCTGCCCGACAATGGCAAAAATCAGCGGTTCATCGCGCAGACGATCGGCAGCTTCAATAACGTTTTCCAGCCCC
CCCTGCCC,2143027,2143035,lagging,CTATCATTGGCGGTCAAACTAATTTGGTTAAATGAAAGGCGTTTATGTGACTCCTGCCACTGGGCCTGGAAACTCCCCTGCCCCTGAATACCTTGTTTTGGTAAATCGGCACCCTGCAACTGCCAGTTAATTTGTTCAATAGCCGCCGTT
CCCTGCCC,2145433,2145441,lagging,ACAGAAACGAATACTGGCGACCAGGTCTTGCGGATAAAGCGGTAATGAGCAAACAATCACAGCATGTATTAATTGCCCTGCCCCACCCGCTGCTTCACCTGGTCAGTTTAGGTTTAGTCTCGTTTATCTTTACCCTTTTCTCGCTTGAGC
CCCTCCCC,2148238,2148246,lagging,CTCTTGACCGCCGGGTATTCCACGAATTTTTCCAGCAGGCCGCAAAAGCGGTTGCCAGTAAAGGCATAAGCATCTCCCTCCCCCTTTCCGTTGCCGGTTTGAGTAGCGCCACGCTGGTGAATGATCTGCTTGAGCAGCTGGAAAATAGCC
CCCTCCCC,2155468,2155476,lagging,AGAACGGAGAGCCGTCGATTGACACTAAGGGCGGAGTGACATAATTTCAGGAGTGAGGGTTAGGGAGAGGTTTCCCCCTCCCCCTGGTGTTCTTAGTAAGCCTGGAAGCTAATCACTAAGAGTATCACCAGTATGATGACGTGCTTCATC
CCCTGCCC,2157517,2157525,lagging,TGTTTATTATGCGTCCTGTGGCCACCACGCTGCTGATGGTGGCGATCTTACTCGCCGGGATTATCGGTTATCGCGCCCTGCCCGTTTCGGCGCTGCCGGAAGTGGACTATCCGACCATTCAGGTGGTCACGCTCTACCCAGGTGCCAGCC
CCCTTCCC,2158091,2158099,lagging,CGGCCTGACCAGCGAAACCGTGCGCACCGCCATTACCGGCGCTAACGTTAACTCGGCAAAAGGTAGCCTCGACGGCCCTTCCCGTGCGGTCACGCTTTCCGCGAACGACCAGATGCAATCCGCCGAAGAGTATCGCCAGCTAATCATCGC
CCCTGCCC,2163169,2163177,lagging,CCGCCATCGCCACGGTGTATATCGTGCTGGGTATCCTTTACGAGAGTTACGTACATCCGCTGACGATTCTCTCCACCCTGCCCTCGGCGGGCGTTGGAGCGCTGTTGGCGCTGGAGCTGTTCAATGCCCCGTTCAGCCTAATCGCCCTGA
CCCTTCCC,2163694,2163702,lagging,GCACCCGTTGGCAATTGTGGATTGTGGCTTTCGGCTTCTTTATGCAGTCGCTGGACACCACCATCGTAAACACCGCCCTTCCCTCAATGGCGCAAAGCCTCGGGGAAAGTCCGTTGCATATGCACATGGTCATTGTCTCTTATGTGCTGA
CCCTGCCC,2179688,2179696,lagging,GATATGTTCACCAGCTTTATGCCGGGCAATTAACGTTTTCATGTTTTTTCCTTGTTAAATGGCAGGTGCGTTATGCCCTGCCCTCGCAGCCACAATCGGCAATCACTTTGCTCACCACATCGCGCATTGCGGATTTAGCCGACTGCAAAT
CCCTCCCC,2184532,2184540,lagging,TGCCTGAATTAACCACGCGTCAGTCGGTGATGGTCGTCGGCGCGGCGGTCATTGACGTGATCGCCGACGCTTATGCCCTCCCCTGGCGTGGGTGCGATATCGAACTGAAACAGCAGAGCGTTAACGTTGGCGGCTGCGCACTGAATATTG
CCCTGCCC,2189805,2189813,lagging,ATTAAACGACGCTTTGATGGTAGAGAGGTCACCAACTGGCAAATTTTGTTATTTGGCTTAACCGGTGGCCTTATCCCCTGCCCGGCAGCAATTACCGTGCTGTTGATATGCATTCAGTTGAAAGCCCTGACACTGGGCGCAACACTGGTC
CCCTGCCC,2200960,2200968,lagging,CATATGCCATTTTTGATGATTACTATTGTGGTGCGATATGGTCAGCCACCGTATTACAGGAGCAAGGTGTTGCAGCCCTGCCCCGATTTGCTCCCTATGCCGCAAGTGACTACTGCGCCGATGTGTTGCGTCATATCAATCATCCGTTCG
CCCTGCCC,2208345,2208353,lagging,CACCGAAGATCAAATCAAGTATGGCTGGAACTACGCCCTGCTTATCAATCATGGTCCGTCAACGGAAGCGCTGGTCCCTGCCCCGCTTTATCAGGGAATGCGCGACGGCAAAATCGTCCGTTTCGAAGAGATAACGCGTACACCGCTGGA
CCCTGCCC,2211093,2211101,lagging,TGGCCTGTCAGCCGGCATTTATCGCCGGTTTCAGCAGTCATTTAAATCAACTGAGTGAAGCCGATTTTATTAACGCCCTGCCCGATTTACGCGCGGCGATGGCCTGGCTACCACCACGAGAACGCGGGACGCTGGCGCATCAGGTGCTTG
CCCTTCCC,2212776,2212784,lagging,GACTTTGTGCCACCACTCAGTCTACGGAAAAAGAAGAAGAGTGGGATCCGGCAATCTGGCTGGAAGAACTGGCTACCCTTCCCGATGCTACCCGCAAACGCGCACAGGCGCTGGTCGCTAAAGGCATCACCATTGAGTTGTTCTGTGCGC
CCCTGCCC,2230209,2230217,lagging,TTAGCGGCTGTGTAGGCGCTGGCATCCGGCAGCGGCGTATGTTCATGTACCGACGTAATGTTGATGATGCGACCGCCCTGCCCTTGTTTCACCATCTGACGAGCCGCAATTTGCGAGCATAAGAATGCACCATCGACATCAACGGTAAAA
CCCTACCC,2256073,2256081,lagging,ATACAGTTTCCGCGACAGCGCCCGTTTTGCGGTAGCCTGCGCGGCAATTTCGCGCGCCAGCGGCAGCTTAAACAACCCTACCCTGTCTGCCGATAACGCGCTTTCATTAGTGCCAATGGTGTAACAATGTTGCCGGATGCGACGCTTAAC
CCCTCCCC,2265705,2265713,lagging,AATTTCCGGGCAGAAACCAACAAGGTCATAAGCCGGATTAAGGGTGATAGTAGCAACACGTCTGCTCATTATGCGCCCTCCCCAAGACCAGCAGCGATAGCGTCGCCGATTGCTTTCAGCGCCTGTTCAGCATCTGCACCCTGGGCGGTA
CCCTGCCC,2275185,2275193,lagging,AATTTGGTATTAACATTGCGCCGGACCATCTGCACAGCGAAAGCTTTAAAGCAGATATCCAGAAACTGCTCACTTCCCTGCCCGCACACCATTTCCAGATTGTGCTGGAAATTACCGAGCGCGATATGTTGAAAGAGCAAGAAGCCACAC
CCCTTCCC,2278939,2278947,lagging,CTGGAAAATAACGGCTGGGTACTGTGGGCACCGATTCGCTTTGGTGCTACCAGTATCAACTTTGCTACCAATAAGCCCTTCCCTTCTCCACCCTCCCGGCAAAACTGGCTGGGAACGGATGCCAACGGCGGCGATGTGCTGGCACGCATT
CCCTTCCC,2279809,2279817,lagging,TGGCGAAACGCTGGCGCTGGTGGGTGAGTCAGGTTCAGGCAAAAGCGTTACCGCGCTGTCAATTTTACGCCTGCTCCCTTCCCCGCCGGTTGAATATCTCTCCGGCGATATTCGTTTTCATGGCGAATCGCTGCTTCACGCCAGCGATCA
CCCTGCCC,2298391,2298399,lagging,TTTTCATCGTGTTTCGCCAGCACTTCTTTCGCGAGGATATGATTGCCTTTTTCCAGTTCGCCCTGCACCACAACGCCCTGCCCTTCACGGAACAGATCCGGCAAAATGCCTTCGTAAGAGACATCCACTGAGCCTTCAGCATCGTAAATG
CCCTTCCC,2313905,2313913,lagging,AAGGAAGCTTTTAAACTGTGGTGACATCCAGGTTTTAAAGCTATCGCCTTCTTTGGTGATCATATAAACCGCCAGCCCTTCCCGGCGAACAACCTCTTTAGCTTTCTCCGGCCCGAGTACCATCAAGCCAGTATCCCAGGCATCGGCTTC
CCCTACCC,2317299,2317307,lagging,TGTGGGGCGCAGAAAATGTACCGTGGTCGATGTATTACCTGAATGGTCAGGATAACAGTCTGGTGCTGATCTCAACCCTACCCCTTAAAGATCTCACCTCCGGATTTAAAGAATCGACCGTCAGCGACATTGTTGATTCACGTCGTGCAG
CCCTGCCC,2333190,2333198,lagging,GTTGAGCGTGGCGCTCCCCAGCGGCTAAGACTGTTGTCGGGATAAGCAAACGCGAGTATCTGATCGTAACGCTCTCCCTGCCCCGCCTGGGCCGTGGCTTGCCGCCAGGAAAGTGTCCCTTCGGTAGCGCGACTGCCATGATAATGAACC
CCCTGCCC,2336328,2336336,lagging,TTGTCGCCCACGCGATACACCGTTGGCATACTCCACTTCATGTAGAGATTTTTTTCCGAACGCAGATAAGCACGCCCCTGCCCGACCAGCCCGTCGCCGTTCATCCCACGCGCGGTGATACGCCAGCGGGTTAACGAATCAGGCATCAGG
CCCTGCCC,2337843,2337851,lagging,CTATAGACCTGATTGCGGTAAGCAAGACGTAACTCATAACCTCCGGCTACGGCATTTTCTGGCAGGCGGAAACTTCCCTGCCCGCCATTGCGCGCATCCAGCGTGACATTGACGGTTTGCAACAGACTGCCGTTGGCGTCCAGCACCGAA
CCCTTCCC,2353239,2353247,lagging,TGAGTAACTTCCAGCTCTGATGGCCCGCGTTACCCTGCGCATCACTGGCACACAACTGCTGTGCCAGGATGAACACCCTTCCCTTCTGGCGGCGCTGGAATCCCACAATGTGGCGGTTGAGTACCAGTGTCGCGAAGGTTACTGCGGCTC
GGGAAGGG,2377850,2377858,lagging,CGCTAAGCAAAGCCTATGCCTTGCTCAGTATGAGTTATGTGCTGGTATGGATTGCTTCAATGGTACTTCCCGGCTGGGAAGGGACTTTTTCGCTGAAAGCACTACTGGGAGTAGCCTGTATTATGAGCGGGTTGATGCTGATTTTCCTGC
GGGAAGGG,2405614,2405622,lagging,AGGATCGCCGGAACGTTACACAGGGTTTCGACGTTGTTGACACAGGTCGGTTTACCCCATGCGCCGGAGGTTGCCGGGAAGGGTGGCTTCGAGCGTGGGTTAGCACGACGTCCTTCCAGGGAGTTGATTAACGCTGTTTCTTCCCCGCAG
CCCTGCCC,2405697,2405705,lagging,TGGCTTCGAGCGTGGGTTAGCACGACGTCCTTCCAGGGAGTTGATTAACGCTGTTTCTTCCCCGCAGATGTAGCGCCCTGCCCCGGTATGGACGAACAGTTCGAAATCGAAACCTGTTCCCATAATGTTTTTGCCAAGCAGACCCGCTTC
CCCTGCCC,2423590,2423598,lagging,TGTTTTCCGCCTTAACGGCATGACGGTTAATACCATGGCTTCATCCTTTACCGAAGGGGCGCGAATGATGATCGCCCCTGCCCTGCTGGTGGGTTTCGCCAAAGGGATTTTGCTGCTGGTCGGTAATGGTGAAGCGGGTGATGCCAGCGT
CCCTACCC,2427825,2427833,lagging,CATATTGATGATATGGTCAACGGTATTCTCTGGCTGCTGGATAACGAGCTGCGCGGGCCATTTAATATGGTTTCGCCCTACCCGGTACGCAATGAACAATTTGCCCATGCGCTCGGTCATGCGCTGCATCGCCCGGCCATTTTGCGCGTC
CCCTGCCC,2438439,2438447,lagging,TTGAGGAGTGCGTTTGATAATCATGGTATCCGCTGATTCGTTACGGTGAGAATAGCAAAAGGGCAGAGCCAGTGGCCCTGCCCTTATCAGTTATCAGGCCTCAGGTTCCTGATCCGGTACCGGGGGTACCACTACGCCTTCACGCGGCGC
CCCTGCCC,2462773,2462781,lagging,TCATCAACACAACGTACTGCTTCATTCAGCATCAACATCACACACCGTTCAGCAACCTGCGGTGCGGAGATTCGCCCCTGCCCTTGTGTGCCAATCAGCGGGTAAATGGCGGGATCGACCTGTTTTTTGCTTTTACGCCCTTTCTGACCA
GGGAAGGG,2524204,2524212,lagging,TTGAAGTATTGCTGGTGACACTGGCGAAAGAGATGACGCCAGTTGAACAAAAACAGTTTACATCCTTGCTTCTGCGGGAAGGGATTATCGGATTGTTACAACGCTTAGGGATTCGCGATAGCAAATAATATGAAAAGATTACGCAATAAA
CCCTTCCC,2531396,2531404,lagging,CAAATTTAACTTCTGATTGATTACTGCCGGGGCTCCCGGCAGTATGAATTCACTCTATATCTGATACAACGGATCCCCTTCCCGCCCAGCCATTAGCGCATTGCCCTGGTCTCGTACCACGTCCCATAAAGCTTCAGCGGCGGTGGAAAG
CCCTGCCC,2553277,2553285,lagging,CGCTACGCAGTCAGGTACGCGGGGCGATTATTCCCGGCCTGCTGGGCGTTGGTGAACCGCTGATTTACGGTGTCACCCTGCCCCGCATGAAGCCGTTTGTTACCGCCTGTTTAGGCGGCGCGGCGGGCGGTTTGTTTATCGGCCTGATAG
CCCTGCCC,2568331,2568339,lagging,GGGAATTGTTTGCGAAACAGTTCCGCCACGCCCGGTTGCATACAAGAGCCGCCCGCCAGCCATAAATCAGTAATGCCCTGCCCTTCAATATGCCGGGCGACAATGTCCGCCATTTTTTCGTACACCGGTTTCACCGCAGGCCAAATCTCT
CCCTACCC,2570741,2570749,lagging,CGGTACAAACAATTTGTCCAGTGACGACTGCCAGTTTCATACCCGCCTCCGTGGCGTATTTCAGGTAAAAGCTCCCCCTACCCTCCGCAGAAGGTAAAATGAAAAAGGAGAGAGCGTGACGCCCGAATCGACGTCACACAGGGTGATTAC
CCCTGCCC,2577084,2577092,lagging,ACTTTGTTTTAACTGGTCATCCATTTGGTTGTTCCTTTCACGTAACGTTCACAAATAAAGTGTGTGGGCAACAGCCCCTGCCCACAACGTGGCGCACATTATTACCCTGCCGGAGTCTACAGACTTTGAGCAAGTCCAAACTCTCACCAT
CCCTGCCC,2580032,2580040,lagging,CCGGTTCAGAGATGGAAATTACCCTGCAAGCGGCAGAGAAATTAGCAGGAGAAGGTCGCAATGTACGCGTAGTTTCCCTGCCCTCGACCGATATTTTCGACGCCCAGGATGAGGAATATCGGGAGTCGGTGTTGCCTTCTAACGTTGCGG
CCCTTCCC,2590306,2590314,lagging,TTATCAGCAATTTTTCCATGAGGTGTAGTCTATGTCGTGCCCGGTTATTGAGCTGACACAACAGCTTATTCGCCGCCCTTCCCTGAGTCCTGATGATGCAGGATGCCAGGCTTTGTTGATTGAACGTTTGCAGGCGATCGGTTTTACCGT
GGGCAGGG,2590427,2590435,lagging,GAACGTTTGCAGGCGATCGGTTTTACCGTTGAACGCATGGACTTTGCCGATACGCAGAATTTTTGGGCATGGCGTGGGCAGGGTGAAACGTTAGCCTTTGCCGGGCATACCGACGTGGTGCCGCCTGGCGACGCCGATCGTTGGATCAAT
CCCTGCCC,2594515,2594523,lagging,CAACACCAGCAAGCGGCGGATCCCTTCACGTTTCATTTGCGCTGTTAATGTGTGAAGCGCAGTCAGTTCAGCCATCCCTGCCCCGGAAGTTAAATGCTTTTACCAAAAGTATTGCATTGTGCCGGATCGCCGCTGTCGAAACCACGTTTA
CCCTCCCC,2613266,2613274,lagging,TGTCGCCAGTGGCTTTGAGCACTGTATCGCCAATTTGTTTGTGATTCCGTTCGCCATTGCCATTCGCCATTTCGCCCCTCCCCCCTTCTGGCAGCTGGCGCACAGTAGCGCAGACAATTTTCCGGCACTGACGGTCAGCCATTTTATTAC
CCCTACCC,2624097,2624105,lagging,TGTATAGTTGGTACCCATACGCTGCGTCAGGCGCTGAACGCCACTGACTTTCTGAAACGCGCGGAAAAGGTCATTCCCTACCCGATTGAAATTATTTCCGGTAATGAAGAAGCCCGTCTGATTTTTATGGGCGTGGAACATACCCAACCG
CCCTCCCC,2633292,2633300,lagging,CAACAGAAGTACGAACAGCTCAAAGCGAAGTTGCAGGCTGAAGGTTTGTTCGATCAGCAATACAAAAAACCACTTCCCTCCCCTGCGCATTGCGTTGGTGTGATCACCTCAAAAACCGGTGCTGCGCTACATGATATTTTGCATGTGTTA
CCCTGCCC,2660810,2660818,lagging,CAACGTCAAGCATTGCGGTCACGGCATAGCGCCCTTTAGATGTCAGTCTCATGTCTTACTTCACCTCAAACTCGCCCCTGCCCGGGGTTTTTTATTGTAAAAGTGGGGGTATTGCATAGCAGGGTCAAGTCTGACATTCCCGAGTAAATT
CCCTGCCC,2676117,2676125,lagging,TTTCTCGCCGTTGATAACAATTTCGCCCTGTTCATACTCCTCCAGCCCAACAATCGCCTTCAGCAATTCACTGCGCCCTGCCCCCAGCAGACCAGCAATGCCGAGCACTTCGCCACGACGTAGCGTAAAACTGATATCCTCCAGCTTGGG
CCCTTCCC,2678749,2678757,lagging,CTGCTGCGGCTGTCTGGCATCAAGATGCTGCCAGGCGCGTAATAACTGGTTGAGGATAAACTGACTGGTGACCTTCCCTTCCCCGCCTTCCCACGGGTGGAATTTGCGCGTGGCGAGAATGTCCGCCGCTTTGTCTGCCTGACCCGTGAG
CCCTTCCC,2680801,2680809,lagging,GATGGGGAAAGCGGAGACGGCCCGTTTGCCGTGATCAAACACCGCCGTTACATCCGGCGGGAAGACGCTCTGATGCCCTTCCCCCCCTTTCACTGCCGGGTTGGCCCACCACAAGAAATGACGCGGCGTGGCGTTCCCGTTATAGACGCG
CCCTTCCC,2689112,2689120,lagging,TAACCAAAGAATACGTTGCCCAACCGAGCGTAACTCGCTCGGTCCACTGAACGAGACGCTATTGCCCAGAGAACGCCCTTCCCCCAGACGGTTGATCATGCGCTCGATATTTTTCACCGGCCCGATAATCATCCGCGTGAAAAGCAGTAC
CCCTGCCC,2693699,2693707,lagging,TCCTGCAGATAGTCAATTTCATCTTCCGCCAGAGCCAAGCCAAGACGCAGGTTAGCGTCGATCAGCGCCTGACGGCCCTGCCCCAGCAAATCAACGCTGGTAACCGGAGTCGGTTGATGGTGGGCAAACAACTGCTCTGCATCATCTAAA
CCCTGCCC,2705460,2705468,lagging,TTGTTCAGTACCGGCACAACTTCGAGATCCATTTCCATGGCGGTGTAGCAGTTTGCCAGGGTTTGCGCTTCTACGCCCTGCCCGGCGTCGACCACCAGCAATGCACCTTCACAGGCAGCCAGCGAACGGGAAACTTCATAGGAGAAGTCT
CCCTTCCC,2723116,2723124,lagging,GATTTGGCCTGGGATGTCGCCGGTGCAAGCACCGGCTATACCGTCTGGCAACTGACCCGTCACTAAAGACGCATCCCCTTCCCTTTGCGATGTAGCATCAAAGAAACCAGAAACGCCACCACGGCCATCAAGGTCACATACCAGAAGAAG
CCCTGCCC,2726501,2726509,lagging,GTAACACCAAGTACAGGAATATTAACCTGTTTCCCATCGACTACGCCTTTCGGCCTCGCCTTAGGGGTCGACTCACCCTGCCCCGATTAACGTTGGACAGGAACCCTTGGTCTTCCGGCGAGCGGGCTTTTCACCCGCTTTATCGTTACT
CCCTACCC,2726648,2726656,lagging,ACTTATGTCAGCATTCGCACTTCTGATACCTCCAGCATGCCTCACAGCACACCTTCGCAGGCTTACAGAACGCTCCCCTACCCAACAACGCATAAGCGTCGCTGCCGCAGCTTCGGTGCATGGTTTAGCCCCGTTACATCTTCCGCGCAG
CCCTGCCC,2741412,2741420,lagging,TATTCTGGCATCCTGGCATTACACCCGTAAGGATCCAGGCGATACTTTCAGTAATTTCATAAGCCACTGGCTCTTCCCTGCCCCCATCATTCAGCCGATTCGTCACAATGGTGAAACCATTGGCGAAGTACGCTTAACCGCTCGCGACAG
CCCTCCCC,2776513,2776521,lagging,ACGCTTAAATACAGAGCAGACTGAAGGAAAGCAAAATGCTAATCTCATAGACGAAGAGACTCCCGCTGTAACCTCCCCTCCCCCGAAAAAACCTGACATTTTCTTTTAGGACCAACAATGGGACCAAAATGAAAATTGAACTGAAGATTA
CCCTCCCC,2777944,2777952,lagging,GTCACTTTTCAGGACATACTCATAGGTCCCAAGATCAACGAAACCGCCGGTATTGCCCAGCGTAAACGAAGCATCCCCTCCCCCTGTTTTCACCAGCGTCATCGCGTCGTCAGACTGTGGGCTGACGCCGGTATCCTGAACAAAGATTTT
CCCTCCCC,2789759,2789767,lagging,GTATCGCCGGACGGCAAGCTGATTGACGATTTTCTGTTTGTCACCACCCCGCGCACGATCCACACCTGCAATGCGCCCTCCCCGGCAGCGACATCAGCAATTCCTATTGGTGCGCATATTGTCAGCAAGGTACAAACGCTGTTGGCAAGC
CCCTGCCC,2790106,2790114,lagging,ACGGCGACAAGCTGGGTAGCGTGCCGAAAATGGGCGCGGATGAAACCCGCGCCGCTATCGACGCCGCCAACCGCGCCCTGCCCGCCTGGCGCGCGCTCACCGCCAAAGAACGCGCCACCATTCTGCGCAACTGGTTCAATTTGATGATGG
CCCTACCC,2799214,2799222,lagging,TGATAATAAATACGCGTCTTTGACCCCGAAGCCTGTCTTCGGGGTTTCTTTTTGCCTGGTGAATCACAAAAATCCCCCTACCCCGTCACGCTCATATCCAGGGTAATTTCGACCACTATTTGCTATATATTGTGTGGTTGAATCTTTTTT
CCCTGCCC,2801868,2801876,lagging,TGCTACGTCGAGTATTCATCCGATTGTGGCGAAAGTAGAGATACGCAAAGAGGGCAAAACAGGACGCGTTTACTACCCTGCCCCGTTTATGACTAACGAGAATCTGGCGCTGTATCAGGACGCTTACGAAATTGGCGCAGAAAAGATCAT
CCCTGCCC,2833877,2833885,lagging,GCAATGGTGTCCAAATGCAACACGTTTTATCCGTTCTGGACTTCACCCGCTAACCAACGCGCCGCAGCAATAACCCCCTGCCCCAGAGACAAACCGCCATCACCCGCCGGTAAACTCTGTGGAAAGAGCAATGTGAAATCAGCGAGATAA
CCCTGCCC,2842201,2842209,lagging,TGATTCAGATGGCTGACAATCTCGTTCAGACGCGGATCGTTTTCCGCTTCCAGCCAGCGTGCAACCTGTTCTTCGCCCTGCCCTAACTGTGTAAGGTAATCATCGGCAATCTGACGACCGTAACGATAACCCGCCAGGCGACGTGCTTCG
CCCTTCCC,2863114,2863122,lagging,AGCAAAACCATCTGACACTGGCGCTGTTCAATACCGCTCCCGGAGATATTAATGCGGGGGAATGGGGATTATCCGCCCTTCCCGGACGTGAGCACGAAGCACACGCAGACATCGACCTGGCACTGGAATATGCATTGGCGCTCAATTGTG
CCCTTCCC,2870001,2870009,lagging,CGTGGAGGTAAGTGAGATTATCAAACTCAATCATTTTGTTGCCTTAATGAGTAGCGCCACCGCTTCACAGGCAATCCCTTCCCCACGTCCGGTAAATCCCAGTTTTTCCGTAGTAGTGGCTTTCACGTTAACATCATCCATATGGCAGCC
CCCTGCCC,2882387,2882395,lagging,CCACCACCAAAACCTGGTGCCTGATTCGCCTGGTTGAATAACGCAATCGCAGTGCATCCACCACATAATGCTTCACCCTGCCCCGGTTGATTGACAAATGCACAATTCGTCGCGCCGCTTACCCCAGCCAACAGTTTTTCCATTGGAGTC
CCCTTCCC,2890188,2890196,lagging,CGCGGTGTTTTCCAGCTTTGGCGCTTTTTTGGAGAACAGGAACTTATGCAGCGCGACGGCTTCTTCCGGCGGTTCCCCTTCCCCTTGCGTTGACGTCACTACGATGAGCAGTTTTTCGCTGGCGATTTGTTTGAATTTATAGTCGCCCGC
CCCTGCCC,2893905,2893913,lagging,CGCGCCCGACTGTAGCCCACTTCGGCTCCCAGCTTTTCTGCCAGCATAGCGATTTCCTGGTTATCTGCCTCTCCGCCCTGCCCCACCACCAGCACCCGTCTGGCCTCAGCTAATGGGTCGCGGGTAACATTTTTCAGATCCTCTGTGCTA
CCCTACCC,2900110,2900118,lagging,TGTGATCAACAAAATATTCCGCGCGCTGTGCGGCCCACTTGGCGGCATAATCACCACCTACAGCAAAGTGAAATCCCCTACCCGCGTGATCCAAATCCTTTCCGTACTCGGCCTGCTGACGTTAACTGCCCTGCTCGTCACGAACTCTAA
CCCTGCCC,2900385,2900393,lagging,CGGTAGGTATTTGTTCGGTGATTGGATTCCTGCCGGATGTCTTCGTTTACCCAATTATCGGCCACTGGCAAGACACCCTGCCCGCTGCAGAAGCCTACCGCAATATGTGGCTGATGGGCATGGCGGCGCTTGGCATGGTGATTGTCTTTA
CCCTGCCC,2921455,2921463,lagging,TAACGCAGATTCGGCTGGAAGCCCAGACTATCTTTGATTCCCTGAAAGAGTGGCACAATGCTATCAGGAAGGTCGCCCTGCCCGGTCGTGGACGTAACCACCAGAACATACTTATCCTGATAGGGCAGCCAGTCGCTTAATTCAGGATCT
CCCTGCCC,2940519,2940527,lagging,ACATCATTAAACGGGCAAACAAGACGTCCGGCCTCGATTTCAGATTGCGCCATCACGTTATTTGCCAGCGCCACTCCCTGCCCGTGGATAGCCGCTTGCAGCACCATGGCGCTATGGCTAAAAATTGGCCCTTGCTGAACGTTGATATGA
CCCTGCCC,2949597,2949605,lagging,GTTTCGTGCTCTGGCAAGCGACTCGGTTGCACAGACTTAATATTGCCGTCCGGCATCGCAAACCAGACGCGCGTCCCCTGCCCGCGATCCAGCGCAATACCGATATCGCCATTAAACAACCCAAGCGCGCTGTCATTACGGGCAATCATC
CCCTTCCC,2949776,2949784,lagging,CGGATGACGATGAATTTTGCGCTTCTGTTGCATAAACTGCTCAATTCGCTCATTCAGTCCAGCCACGCCAAACGGCCCTTCCCGCAGGGCGCACAAAAGCTGGTACTCATTGAACGCCTGAATGATTAAATCCGGCTCGGCACGCGCTTG
CCCTTCCC,2970195,2970203,lagging,TGTTTCGCAAATTATTGAACGTTAACAAATAAGGTCAGCATCCGGCTGGCCTTAAGATTTTTCTCTTTCCCTTTTCCCTTCCCTCTGCCATTTTTATATTCCTTATGTCGTGATTATAAAAAGGAAACGGCTATGCAATATCACCGTATA
CCCTGCCC,2984062,2984070,lagging,AACGTCATTAATAGTGATTGCAGAAACGCTATTAGGCAGACCACCTTTAATAGCCGATTGCCTTGCCGGATTCTGCCCTGCCCCTGCAGTCAACACCTGACCAAGAATTACTTCATCCACCGCATATGCAGGAACGCCGGTACGTTCTAT
CCCTGCCC,3050071,3050079,lagging,ATGTCTTTCCCCTGACGATGCAACCGTTTCAGTTCGGCAATCAGCTCTGCAGCATCCATAAAGCCGAGATTTACCCCCTGCCCCGCCAGCGGGTGAATGGTATGTGCGGCGTCGCCCACCAGCGCCAGACGGTGCGAGGCAAACTGGCGC
CCCTACCC,3063563,3063571,lagging,ATGAAGCGGCAGAAATTATCCAGCATAACGACATGGTGGCATTTAGCGGCTTTACCCCGGCGGGTTCGCCGAAAGCCCTACCCACCGCGATTGCCCGCAGAGCTAACGAACAGCATGAGGCCAAAAAGCCGTATCAAATTCGCCTTCTGA
CCCTCCCC,3065831,3065839,lagging,CCGCCCGGGCAATATTATTGGTTTGCGCTAATAAAATGAAATTGCGCATCTTTTTCGAAATAAAAATGTCCATCCCCCTCCCCCGCATCCTTGTCCGCTTAACCGTTTCAGTCAGCCTATCCTTGATGAAACCGCGAGCAAAGATAGGTG
CCCTGCCC,3070097,3070105,lagging,CCTTCCTGCAACTCGAATTATTTAGAGTATGAAAAATTGCGTGCTCTAAAAGCGCGCTGAAACAAGGGCAGGTTTCCCTGCCCTGTGATTTTTTACTTCTTAGCGCGCTCTTCGAGCATCGCTACTGCAGGCAGTACTTTACCTTCCACG
CCCTACCC,3089739,3089747,lagging,TCATAACCCGTATGTGCAACGCGCTTGCCAGGCGCGAAAGAGCTAACCTACACTAGCGGGATTCTTTTTGTTAACCCCTACCCCACGCGTACAACCGCGTGGGGAGACGACGCGGATTTTTAACTATGCGTATCCCCCGCATTTATCATC
CCCTTCCC,3092764,3092772,lagging,TAGCGTCGCATCAGACATTTATTGCCTTTGTAGGCCCGATAAGCTTGCGCATCGGGCATGGCAACGTCACAAACGCCCTTCCCCCACCCGGTGCTGATAACTCTGCTGAAACGTTATCATCCCCACCTGCTGCCCGGTTTGAATAACATG
CCCTGCCC,3107860,3107868,lagging,CTGGCGGCAATATTCATTGATTTCATAAGCGCAAACCCGTTTCGGGGAAGTAAGAATACCGGACAAGGTGGAAAACCCTGCCCCATGAGATATGGGTCAAACTGGTCACCAGCTCCGACCGCCAGACATCAGTAAAAGCAGAAACGCTCT
CCCTTCCC,3135882,3135890,lagging,ACGGTCGCTAACTTCACGAATCTGATCAAACGCGGTTTCCCACGCCCAGGTTTTCCACACGCAGTTAACCAGTCGCCCTTCCCCATCAATCAGTTGCCCGGCAGCATCCCAGCCCAGTTCATCCAATCCACGCAAGATACGCGTTTCAAA
CCCTCCCC,3162356,3162364,lagging,CCGGGGGTTGAATACGCTGCCGGATGACGACTTAACGTTTCATCCGGCGTTCCTTGCAAGCGGGAGGAAACAGCGCCCTCCCCGGCATATTACTCTTCGCTATCACCGCTGCTGGCACGGCGAGGAGAGTCGATCTCAACACGATCGATA
CCCTGCCC,3164213,3164221,lagging,ATGTTTGGCAGACGGGCAGGTAGCATTTTCGGCTCCTGCAAAGTGCCGTCGAAGTTTGGCACCCAGTCAGCCGTCCCCTGCCCCAGCTCGCTCAATAGCAGCTCGGAATATTTCGACAACCGGGATTCGGTGTAACGCATTGCCGCGAAC
CCCTTCCC,3223988,3223996,lagging,AACTACGCCGACAGCCAGCAGGCTAACATCATCGATATCTGGCGCAGCACCGTCGATGCCATGTTCGAGAACTATCCCTTCCCGCAGAACAACGGTAACCGTCAGCATGTCCGCTGGACGGCACTGACTAACCGCCACGGTAACGGTCTG
CCCTCCCC,3246175,3246183,lagging,GCGCTGCAATGCGCCTGTTTGTCTCGTCGGTAAGCGAAAAGTATAAAGTGTCAGCCTGTGTAAATCCTCTCGCCACCCTCCCCTGCATTCAGCAAAATCAGACTCCACGGACATGTAATTTTGATAACGAACAACGTTGACCTTTGTTAC
GGGTAGGG,3259258,3259266,lagging,CGGCGCGACGACCGTCCGGCGTATTACCGGTTTTCTGGCCGTACACCACGTTAGAAGTGATAGTCAGAATCGACTGGGTAGGGACGGCGTTGCGATAGGTTGGCAGCGCTTTAATTTTCTTCATAAAGCGTTCAACCAGGTCGCAGGCAA
CCCTGCCC,3270358,3270366,lagging,CCGCTTGCGCGGGCCATCGGCGGTTTGCTCTCTGTTGCACTGGTCGTGGGTTTCCCCCCCAGGCGTTACCTGGCACCCTGCCCTATGGAGCCCGGACTTTCCTCCCCTCCGCCCGTCTCCCCCGAAGAGGACGACGACGAAGCGGCGACT
CCCTGCCC,3274426,3274434,lagging,GACAATTCGGGCGTTCGCCGGGAATGATGGCGCTTCCGAGAAGCCGAGCATAAAGCGCATAAAGAACATGGAGATCCCTGCCCAGGCCAGCGGGAACATATCAACAAAGCCTTGCAGGAAGGTGAATAGCGACCAGAAAAAGAGGCTGTA
CCCTGCCC,3297326,3297334,lagging,AGACGCGAGCGGCACCCAACACCAGTACTGCAAGGATGTAAACCGGGATCGTACTCCAGAAAAGCGTCCATAGCGCCCTGCCCCAGCGGCTAAAAAACCCGCCCTGTGCTTCCGGTATGTCAATTTCGACCGGTGCCTGCGTTTGCGGTG
CCCTGCCC,3319846,3319854,lagging,GCTTTCCTCCTCTGCCGCTTCAGGCGTGCCGCAGGTGGAGAATCTGGAAAACAAAGGCCAGTAATTCGACATCAACCCTGCCCTTCAGGGGTGGGGTTACCTTGCTTATCCTCTGTAAACTCCTTTCTGAGCATCACATAATCGAAAACA
CCCTCCCC,3329433,3329441,lagging,CCCCAAAGCCTGGTGATATGGCTTTTATACGCGTGGCATCTTATTACCCCGTTACGATGTTCAGCCAGGTACGCACCCTCCCCCGTGGTTCTGCCGAAGCGCAATACTGCGAACTGGATGTGGTGCCAGGCGACCTGAACCGCTTTACGC
CCCTCCCC,3334538,3334546,lagging,GGTGCTCCCGGACACCCCTTGGCGAGAAGCACTCATCGGCCTCGCGCACATCGCTGTTCAACGCGATCGTTAATCCCCTCCCCTCATCCCGCGCAGCGCGCGGGATGGTTCCAGTAAGTTCCATAAAAACACTTATTCAGCTCTATAACA
CCCTGCCC,3363820,3363828,lagging,GCTGGAGTGCAATGAACGGCGGCGTTATCGTAGCAGAAAATTATCAGGCGGCATCAATCCGGTCGAGTCTGGTTCCCCTGCCCGATTTAACAGTGAGCAGCCAAATTAGTACATCGCAGGATACGAAAGACTCACTGCAAGGACAGAAAT
CCCTGCCC,3369588,3369596,lagging,GTGGCTTTAATATCAGCGATCAGCCTTGCAAGCGTACGTGCGGAGCGGTGAATCAGCTGCTGCGCCTGCTCGTCACCCTGCCCGGCGCGCGTGAAAATAGTTTTCGCATCCGCGCCAGCCAACTCCCCCTGCGCTGCCGCTGCAATGCCG
CCCTCCCC,3380484,3380492,lagging,CCGGCCTGCTGCGTACTGGCGCGAAGCGCGACTAATTTATTTTTCGGGCGCAGCCATTGCGCCCTCCTCTTCTCTCCCTCCCCGACTATCATTTAATCTGGTGTCTCATTGTTAGCCGTCTGAAAATTCAATAACATCAAACTGTTTTGA
CCCTGCCC,3425299,3425307,lagging,GTAACACCAAGTACAGGAATATTAACCTGTTTCCCATCGACTACGCCTTTCGGCCTCGCCTTAGGGGTCGACTCACCCTGCCCCGATTAACGTTGGACAGGAACCCTTGGTCTTCCGGCGAGCGGGCTTTTCACCCGCTTTATCGTTACT
CCCTACCC,3425446,3425454,lagging,ACTTATGTCAGCATTCGCACTTCTGATACCTCCAGCATGCCTCACAGCACACCTTCGCAGGCTTACAGAACGCTCCCCTACCCAACAACGCATAAGCGTCGCTGCCGCAGCTTCGGTGCATGGTTTAGCCCCGTTACATCTTCCGCGCAG
CCCTTCCC,3432680,3432688,lagging,ACGCACCTGCATCATCGGCGAGATATCGCCAATTTCATCGAGAAACAGCGTGCCGCCGTCCGCCTCAACAAAGCGCCCTTCCCGGCGTTTATCGGCTCCAGTAAACGCCCCTTTTTCGTGACCGAACAATTCAGATTCCAGCAAGGATTC
CCCTGCCC,3445246,3445254,lagging,GGGCTTTGAACATCTGCTGTTAGTCACTGGTGAACATCAGGCGAAAGTGGGGATGGATTACTTTCGTCGTCATCTCCCTGCCCTTCGTGAACAGTTCTCTTCACTACAGATGGAAGTGCAACCGCTGGCGGAGACGGAATACGCCGAGTT
CCCTGCCC,3466701,3466709,lagging,GTAACACCAAGTACAGGAATATTAACCTGTTTCCCATCGACTACGCCTTTCGGCCTCGCCTTAGGGGTCGACTCACCCTGCCCCGATTAACGTTGGACAGGAACCCTTGGTCTTCCGGCGAGCGGGCTTTTCACCCGCTTTATCGTTACT
CCCTACCC,3466848,3466856,lagging,ACTTATGTCAGCATTCGCACTTCTGATACCTCCAGCATGCCTCACAGCACACCTTCGCAGGCTTACAGAACGCTCCCCTACCCAACAACGCATAAGCGTCGCTGCCGCAGCTTCGGTGCATGGTTTAGCCCCGTTACATCTTCCGCGCAG
CCCTGCCC,3497525,3497533,lagging,GCATGGTGCTGGCAGCCAGCTTTAAAACGCCGCGTCAGGCGCTGGACTGTTTACTGGCAGGATGTGAATCCATCACCCTGCCCTTAGATGTAGCGCAACAAATGCTCAACACCCCTGCGGTAGAGTCAGCTATAGAGAAGTTCGAACACG
GGGCAGGG,3511008,3511016,lagging,GCTCCGCAACGCCCGCGCTGGAAACGTTATGCAACGTCCAGCAGAAAAAATACCGCCTGCTGCGCCTGACCCGTCGGGCAGGGAATGCGCGTCCGGCAATTCAACATGTGCTGGATTTAAAAGGTCAGAAGGTGCAGGCAGGTCTGGCTC
CCCTTCCC,3511954,3511962,lagging,GTGGGTTCTCGGTCCGGTTCCGGCTCTGGCACCTAAACGTGGCGGTCGCTGGCGCTGGCAGATATTGTTGCAGCACCCTTCCCGCGTGCGCTTGCAACACATCATTAACGGTACGCTGGCGCTCATCAATACAATACCGGATTCCCGTAA
CCCTCCCC,3516389,3516397,lagging,TTTTATTGGCGCGTATTATGACTGAACAACAAATTAGCCGAACTCAGGCGTGGCTGGAAAGTTTACGACCTAAAACCCTCCCCCTCGCCTTTGCTGCAATTATCGTCGGGACAGCGCTGGCATGGTGGCAAGGTCACTTCGATCCGCTGG
CCCTTCCC,3521050,3521058,lagging,CCGAATGAAGCGTTTATGCCGCATCCGGTAGTCCCGAAACGTGCGGGGGCAACCCCGCACACATCAATAATCCCTCCCTTCCCCTGTGCTACACTTCGCGCCATTCCTTACTGCTTAGAGTTTGCTATGAGACGAGAACTTGCCATCGAA
CCCTGCCC,3597824,3597832,lagging,GTAACACCAAGTACAGGAATATTAACCTGTTTCCCATCGACTACGCCTTTCGGCCTCGCCTTAGGGGTCGACTCACCCTGCCCCGATTAACGTTGGACAGGAACCCTTGGTCTTCCGGCGAGCGGGCTTTTCACCCGCTTTATCGTTACT
CCCTACCC,3597971,3597979,lagging,ACTTATGTCAGCATTCGCACTTCTGATACCTCCAGCATGCCTCACAGCACACCTTCACAGGCTTACAGAACGCTCCCCTACCCAACAACACATAGTGTCGCTGCCGCAGCTTCGGTGCATGGTTTAGCCCCGTTACATCTTCCGCGCAGG
CCCTGCCC,3627233,3627241,lagging,GCCAGATCATCAACATAATCATTAAAGCGATTAACATGCCCGAGATGCGGATCGGCTAACAGGCGACCGGAACGTCCCTGCCCGCGATGGTCGATGATTAAGACATCAAACCCCAAATGGAACAGGTCATAGGCCAGTTCCGCATATTTT
CCCTACCC,3641796,3641804,lagging,ATCAGCATTGAAAATGCGATAGTGAAAATCCAGTTCAGGATCATACGGCGGCTCAACCACCAGCAGTTGGTCAAACCCTACCCCCAGGTGCCGATCAGCCAGGCGACGAATCAGCTCCGGTGAAAAAAAGACATTCTGCGTTACCGCGTC
ori,3677235,,,
CCCTGCCC,3679379,3679387,leading,CCGGAAACCTTGCCCGGCGCAGTGGCGTTTTCGATGCTGGAGAATCTGGCAGTAGTGCTGATTGCCCCCGCGCTGCCCTGCCCGGTGCGTAATCAGGTGTCGGTAGAGAAGCCGGACTGGTCAACGGTGCCGTTTATTATGGCCGATCAG
CCCTGCCC,3691638,3691646,leading,GTAACACCAAGTACAGGAATATTAACCTGTTTCCCATCGACTACGCCTTTCGGCCTCGCCTTAGGGGTCGACTCACCCTGCCCCGATTAACGTTGGACAGGAACCCTTGGTCTTCCGGCGAGCGGGCTTTTCACCCGCTTTATCGTTACT
CCCTACCC,3691785,3691793,leading,ACTTATGTCAGCATTCGCACTTCTGATACCTCCAGCATGCCTCACAGCACACCTTCGCAGGCTTACAGAACGCTCCCCTACCCAACAACGCATAAGCGTCGCTGCCGCAGCTTCGGTGCATGGTTTAGCCCCGTTACATCTTCCGCGCAG
GGGAAGGG,3711209,3711217,leading,CAACAGACTCTGCTTTTGACACACAATATCGACACTCTGGGGCAGATGAGCTGCAACCCGGCGATCGGCGGTATTGGGAAGGGACATCTGGTAAAAGAAGTGGATGCACTCGGCGGTCTGATGGCGAAAGCGATCGATCAGGCGGGTATC
CCCTTCCC,3718843,3718851,leading,CGGCTCGAAAGGCGTGTCGTTCTTCAACTCCGTGGGCGGCAATGTTGTTGCCCAGGTCACCGGCATGGGGGATAACCCTTCCCTGTCCGAACTGATCGGTCCGGTAAAAGTGATGTTGCAGGCCTACGACGAAGGCCGTCTGGACAAGCT
CCCTGCCC,3771913,3771921,leading,TTATCGTTGAGTTACCGCAAGATGAAGCTGGCTGGAAAGCGGCAGGTGATGCGCCGTTAAGCGGAACGGAAACAACCCTGCCCGCGCCACCGCGTGGCGTCGTGCAGCGACGTTTAACCTTTACCCACCATCGGGCTTATCCGGGGTTAG
GGGCAGGG,3774550,3774558,leading,ATAAACTGTTTGATATTCCACTGCCGGTAGTGCTGGGGATTTTCTCCGGTGCGGTTACCAATACGCCAGCGCTGGGGGCAGGGCAGCAGATTTTGCGCGACCTGGGTACACCAATGGAAATGGTCGATCAGATGGGGATGAGTTACGCGA
GGGCAGGG,3792487,3792495,leading,GCCCGCAGGCGTTAGGTTTACCGGCGGTCGGTGAATGGCGACACGACGCGCTGGAAATTGCTCAACAACAAGAAGGGGCAGGGTTGACGCGTAAAGAGATCCTCACCAAATATGTGTTGCTGAATCCGTATATCTGGCTGCTTTCGTTTT
CCCTTCCC,3808959,3808967,leading,CCCGGCAATTGCCGCATCATCAAGGATCAACGTTTTCCCGTCACGCAGCCAGTTCCCTGACGTTCTGACCATACCCCCTTCCCAGCGGCTGGTGAACTGGCGCAGCGCTACGCCCTGCGGGGAAAATTCCGTGTTTATAATCGGGTCAAA
GGGGAGGG,3821611,3821619,leading,AGCATGGTTCTCTCCCTAAAAATCTGTCTGGCAGGGTAGCGATTTGTGCGCATTGTCACGATTGAGATTTTTTAAGGGGAGGGGAAATTGATAACTTGTAGTTATGTGAAATCGCTATTTTCTGTAGCAGAGATGCATTCTTCTGACTTC
GGGTAGGG,3829758,3829766,leading,AGTATCTGCATCAGAAGTGCGCGAAGAAAAAAACGGCGATTAAACCGTGGCTGATGGATAACAAGCTGGTGGTAGGGGTAGGGAATATCTATGCCAGCGAATCACTGTTTGCGGCGGGGATCCATCCGGATCGGCTGGCGTCATCACTGT
GGGGAGGG,3853601,3853609,leading,GTAGATGATGGGCCTGATTGCAAACCTGCGCGGTTTCACGGCCCGTGTCATGGTATTAATCGCCTTTCCCCTCATGGGGAGGGATTATTCCACGATGAACAGCGGCTTACCAGTCATCTCTTGCGGGATTTCCATACCCATCAGCGACAA
GGGCAGGG,3858855,3858863,leading,CACTACCGACACCGCATTGGACAGATTCATGCTGCGGCTGTCCGGCACCATCGGAATGCGAATTTTTTGTTCAGCGGGCAGGGCATCAAGAATGCTCGCTGGCAGGCCGCGTGTTTCCGGGCCGAACATCAGATAATCGCCATCCTGATA
GGGGAGGG,3870173,3870181,leading,GCCATGTTTCGGTGATGCGGAAAGTGCTGCTAAGAATGACCAGCTGGATGCATTATCTTTATTTGGATCATTGAGGGGGAGGGGGGAGATTATGGAACTTTGCTCCTTGTAAGGACTAATTATTTTTGCATATTACTTCATTAGCTTCGA
GGGCAGGG,3878031,3878039,leading,GAGGCTCCCCACCGGCGCGGGCGTTTTTGTCCGGTAACTGCTGTAGGTGCGGGAGAGGATGAACGGCAGCGGGCCGGGCAGGGCGATGTCGGTTTCACCGGGAAGGACCTTTGCACCGAGCAGGGGATTGACCGGATGGCCGGACGTCAC
CCCTGCCC,3900896,3900904,leading,TTAGGGCTGACATTTTATCCTGGTTGGCGGCTTCCCGAGGTACTGACGAACGGGAAGCCGGAAAAGTTACTGTTGCCCTGCCCAGACGACCAGCACTTTATCGTCGCCATGCTCACGAACAAAGCCGTAGCCCTGCTTCAGCAAAAGTGT
GGGCAGGG,3931867,3931875,leading,CCGACCAAATTCGAAAAGCCTGCTCAACGAGCAGGCTTTTTTGCATCTGCAGCTCATGAGGATGAGAACCTCCGGGGGCAGGGAGGTTCGACTCGAGCGAAGCGAGAGAACGTTGCGCCAGCAACGGCCCGCAGGGCGAGCCACGAAGTG
GGGCAGGG,3932035,3932043,leading,CCGACCAAATTCGAAAAGCCTGCTCAACGAGCAGGCTTTTTTGCATCTGCAGCTCATGAGGATGAGAACCTCCGGGGGCAGGGAGGTTCGACTCGACGTAGGCCTGATAAGACGCGTCAGCGTCGCATCAGGCAAATGTGCCGGCCATTG
CCCTTCCC,3958276,3958284,leading,ATGTGCTGAATAATCGTGCGCCGGATGGCAAAACGCACGAATTATCCTCTTAATCTCATCACTTATGCCCGCACTCCCTTCCCCGAGTGCGGGTGTTTGCGCATAATTGACCCCTGTGCCTGAACTTACCACCTGGGTGAGTTCAGGTTT
GGGCAGGG,3978527,3978535,leading,GCGTGTTGAAGCGTGCGAACAGGGCGTTAGGTTTGTGACCGCCTTCCGGCGCGGCTTTCAGAATGGTGGCGCACAGGGCAGGGGTCAGGCTCATTGCCACAAATACTGAAAGCAGCATGGAGGAGATCAGCGTGATGGAGAACTGGCGGT
GGGTAGGG,3987144,3987152,leading,CATTAATGGTTAATAATGTTGAAAATAAACCTTCGATTTGTTTGTCAAGATATTGTCCATCTTTATATAATTTGGGGGTAGGGTGTTCTTTATGTAAAAAAATAGTGTCACCTAAGGAAGGTGCGAACAAGTCCCTGATATGAGATCATG
GGGTAGGG,3995527,3995535,leading,ACTCGGTGAAAAATAGCCCGGAACTGCGTGAAGCCTACGAACAAACCCTGCCGCTGCTGTCGGAATACAGCACCTGGGTAGGGCAACATGAAGGGCTGTATAAAGCGTATCGCGACCTGCGCGATGGCGATCATTACGCCACGCTGAACA
GGGCAGGG,4021022,4021030,leading,GAGGCTCCCCACCGGCGCGGGCGTTTTTGTCCGGTAACTGCTGTAGGTGCGGGAGAGGATGAACGGCAGCGGGCCGGGCAGGGCGATGTCGGTTTCACCGGGAAGGACCTTTGCACCGAGCAGGGGATTGACCGGATGGCCGGACGTCAC
GGGCAGGG,4026274,4026282,leading,GCCAATCGGCGCTTTAATTCCGTTCATGGTTTCATGGTTTTTAAACTGCGAGGGAGCGATAAAACGGAAAGGACGGGGCAGGGCCAGTTCTTGCAGGAAAGGATAGTAGGCGCTTTTCAGGGTAATTTGCAGCTCTGTTTTACTGAGTGC
GGGAAGGG,4035359,4035367,leading,AATAGCGCCAGCTGCATACCATGCATCAGCACGGTAAAAATCAGCGCCACGTTAACGAAGATATTCAGCGGGCGTGGGAAGGGATGCACCAGGTTGAGGATTAAAAATCCCCAAACGCAGAGCATTAACAAACGACCAATATTAATCAGC
GGGCAGGG,4060919,4060927,leading,TTTGCCAACTATTACGATCCGAACTTTATGGGCTTCTCCGCGCTGCGCGTGATTAACGACGACGTGATTGAAGCAGGGCAGGGCTTCGGCACTCACCCGCATAAAGATATGGAAATTTTGACCTACGTGCTGGAAGGTACTGTTGAGCAT
CCCTTCCC,4103574,4103582,leading,CCAGGTCACCTTTTTTGTGACCTCCGGGCGTTCTTCACGCCAGAGATAATTAAGCTCTTGTTTGAGTTTTTCATACCCTTCCCGGGTAACCAGGGGCGTTTTCATCTCGTTGATTCCCTTTGTCTGTTTGATAATGCGCACATTGGGTAT
GGGCAGGG,4114809,4114817,leading,GATTTGCTGGAAGACCCTGACTTCAATGAAGCGCGCAATGTCAGTGCGCTGTTCCTCGTGCGCGAATGGTTGAAAGGGCAGGGGCGAGTGTAAATGCGTGAAGTTTGCCTGATGCACAATGTTTATCAGGCTTATGGGGTTTCTGCAATT
GGGCAGGG,4124530,4124538,leading,GTCGGAGCTTTCTCCACAGCCGGAGAAGGTGTAATTAGTTAGTCAGCATGAAGAAAAATCGCGCTTTTTTGAAGTGGGCAGGGGGCAAGTATCCCCTGCTTGATGATATTAAACGGCATTTGCCCAAGGGCGAATGTCTGGTTGAGCCTT
GGGCAGGG,4149169,4149177,leading,AGCTTGGTCCGCTGGTGCGCGGTTTACCGCATTTGCGAACTATCCATCGCCAGCTGTATCAGGATATTTTCGACTGGGCAGGGCAACTGCGTGAAGTTGATATTTATCAGGGTGATACGCCGTTCTGCCACTTTGCTTATATCGAAAAAG
GGGCAGGG,4153349,4153357,leading,AGGAAGCAATTTTGCGTGCAATGGCCCCAGCTCAGCAGTGACGCCAAGTACCAGCGTTAATCCGGTCAGCAAAAAGGGCAGGGGAACATCTTTTGCCAGTAGTAGCTGTGTCAGCAAGCTACAGGTGGCAAACAGCGACGCACCAATGAT
GGGAAGGG,4154381,4154389,leading,CCTCTGTTATAAGCTTTCTCCAGAGCCAGATAACGCCGCTGTCTCTGGATTGCCGAAATATGCTTCCCGCTACCTGGGAAGGGGCTATCAACTGTACTGCACGGTAATGTGACGTCCTTTGCATACATGCAGTACATCAATGTATTACTG
GGGAAGGG,4164818,4164826,leading,AGGCGAGTAGTGCTTTTCAGTTTGCGCAGGCGCTGATAGCAGATGGCCATGAGTTAAGCAGCGTCTTTTTCTATCGGGAAGGGGTCTATAACGCTAACCAATTGACCTCTCCGGCAAGTGACGAATTTGACCTCGTACGGGCCTGGCAAC
GGGTAGGG,4214816,4214824,leading,GAGTCGGCCTGCGCGGAAGATGTAACGGGGCTAAACCATGCACCGAAGCTGCGGCAGCGACGCTTATGCGTTGTTGGGTAGGGGAGCGTTCTGTAAGCCTGCGAAGGTGTGCTGTGAGGCATGCTGGAGGTATCAGAAGTGCGAATGCTG
GGGCAGGG,4214963,4214971,leading,CTGACATAAGTAACGATAAAGCGGGTGAAAAGCCCGCTCGCCGGAAGACCAAGGGTTCCTGTCCAACGTTAATCGGGGCAGGGTGAGTCGACCCCTAAGGCGAGGCCGAAAGGCGTAGTCGATGGGAAACAGGTTAATATTCCTGTACTT
GGGAAGGG,4241368,4241376,leading,CTGCGCCCATTGGTCCGTCGCAGTCGGATTTCGGTGGCGTAGGATTATTACAAACGCCCACCGCGCGTATGGCACGGGAAGGGGAGTTGAGTCTGAACTATCGCGATAACGATCAGTACCGTTATTACTCAGCTTCAGTGCAACTCTTCC
CCCTGCCC,4256148,4256156,leading,GTTATGTAACGGAGAGTTCGGCATGTCACACCCCGCGTTAACGCAACTGCGTGCGCTGCGCTATTGTAAAGAGATCCCTGCCCTGGATCCGCAACTGCTCGACTGGCTGTTGCTGGAGGATTCCATGACAAAACGTTTTGAACAGCAGGG
GGGAAGGG,4267025,4267033,leading,CACCGCTGGCAATCAAAGAGAACAGTTCATTACTGGCCTCGGTTAATTCCTCCCGCGTGGTGATATAGCCTTGCAGGGAAGGGCGTGTCACATACAACGAGCCTTTTTGATTGAGAATGCCTAAGTTCACACCGGTAACCGCACCTGATG
GGGTAGGG,4272645,4272653,leading,GTTTTGTTGCTATTCACATATGATATATTCATATCATCATCTCCATCGCGAGTAATAAAATTAATCACCATTGTAGGGTAGGGGGCTGGTCAATCAGAAATCATCTTTATAAACTTCGATTGTTTTTGTAATGCTGTATCATTAAGTTCA
GGGAAGGG,4286828,4286836,leading,GAGTTTATTTGTTTAATATTATGGGAAAAGGTGATGCATTTGGGAGAGGAAGAGTATTCCCCGGTCAGACGACCGGGGAAGGGGAGAGATTAATGCGCGCGGCCTTGCTCAACGCCAAAGCCGGTCTGGGAGCGGATAAACTGCGCGCGG
CCCTGCCC,4298596,4298604,leading,TTGTGGCGTCGATGGCGAAAGGCGAAATGCTGCCGATCATCTTTTTCTCGGTGCTGTTTGGTCTGGGGCTTTCTTCCCTGCCCGCGACGCATCGTGAACCGCTGGTGACCGTGTTCCGCTCCATCTCTGAAACCATGTTTAAAGTGACTC
GGGTAGGG,4300619,4300627,leading,GGAGTCGTTGGCGTGGGCAAAGAATGTCAAAAACAACATCAATGCGATAATTTTTTTCATTTTGATAATACGATTGGGTAGGGAGTAACCAGTATAAAGAGTTCGAATGGATAAAAAAACAGCCTCCGAAAGGAGGCTGTAGAAAGGACG
GGGTAGGG,4357100,4357108,leading,TCGCAGTTGATGGGAGAGTACAGAGTCACGATATTTTTCATTCTCTCCGCGATGTGATGCAGGAGAGCATCTGAAGGGTAGGGGGATGCACAAAGAATGGGCAGAGAGCGCGTTTTTTTGTCCCAAGTCATCCCCTTTACTGAGCAAAAA
CCCTTCCC,4381913,4381921,leading,GGGGATTATTGGTCTGAAACTCAGCACTCACTAACTACCAGGCTGCTGTACCCAAATAAATTTACTGACATCAAACCCTTCCCGGGTCGCGACTGCCAGCATCTCCTGTTTCACTTCGTCAGAAATGGTTGGCGTGCGGGAGAGTATCCA
GGGTAGGG,4401759,4401767,leading,ATGTGCTGGCGAACAGTCAGTCTGACCCCTATTTAAGCCAGGCGGTGCTGGATTTACAGTTCGGTCATTCCCAGCGGGTAGGGTATGATGTAGCGACCAGTATGATCAGTCAGTTGCAACGCATTGGCGAAATACATAAACGTCGACCAG
GGGAAGGG,4404796,4404804,leading,ACGATGAAATGGTTTATCGAGGTGTTTGCGCCACGAGACAGTTGGCGAAGCGGCAGATAACCTGGCTGCGTGGTTGGGAAGGGGTTCACTGGCTTGACAGTGAAAAACCAGAACAGGCGCGTGACGAAGTATTACAGGTTGTTGGTGCTA
GGGTAGGG,4437061,4437069,leading,GAGTGCGCCAACCCATGAGCAAAGCACGGCTATCGCAACCATCAGACTAATAAACACCAGCGGACGGGGGCCAAAGGGTAGGGAGAAGTCCGGCGTTTGCGTATTCAGCCAGTAACAAGCGACGAGATAGCCGATAAGTGAAACCGGCAG
GGGCAGGG,4461100,4461108,leading,TTCGATCACGCCGATATCTTTGACGACCTGAAAGCGATCCAGAAACAGTTCCACCATCTGGTGCGTATCGTTCCGGGGCAGGGCCGTATTATCTGGCCGGAAAATGACATCAACCTGAAACAGACCATGGCGATGGGCTGCTGGAGCGAG
GGGAAGGG,4464626,4464634,leading,TGCCTGCACTCAGGTAACAGGGAACTTATCATCGCAAATGATGCACCACCTGATTGCTGCTGCCGCGCCAGATCAGGGAAGGGTCTTTTAAATCCTGCACAAATTTGCCGTCGACCAGCACGTTAATCAAATCAACAACCTGCATTTGCG
GGGAAGGG,4470403,4470411,leading,ACCAGCAAATACCGACCGGCAGGTAGAAGAAGATCGCTTCACCGATCAACCACAGAAAATCGTAGATCGTTTGCAGGGAAGGGTACATTTGCGCCAGCGTCTGACCGTTGCTCATGGGCAAATCGCCGATCACATTGCGAAAACCGAGGA
GGGAAGGG,4471772,4471780,leading,CTGACAACGAATCCAGACGGGTAACAATGATGGCGACCACTTTATCGCTTTGCCCACGCATAGCGCGCGCAGAGCGGGAAGGGGAAAATCCATGCTGATTCATCACTGCTTCAACACGCTCGCGGGTGAGCTGGCTCACGCCGCTTTCGT
GGGCAGGG,4492123,4492131,leading,ACCATCATGATGACACTGTTCATGCTGGTGTCGCTGTCGGGCATTATCAAGTTTGTCGATCAGCTGAAAAAAGCCGGGCAGGGGAGTTACGACGCGTTAGGCGCAGGAATGTATACCTTGCTGAGCGTGCCGAAAGATGTGCAGATCTTC
GGGCAGGG,4528444,4528452,leading,GTATGGTAGCGAATCAAACATCCCCGTTGTACCCTGAGTACGCCCGTCACAAGGATCGGAGACGTACACGGCATAGGGCAGGGCATGGTTGGCTTTAATAACCTCGGCCGCCGCTTTCATCTGGATGTCCAGTTCGTAATGCCCCTGGTG
CCCTGCCC,4531789,4531797,leading,GCCCAGCACTCGGTCTGAGGAAAAGCCGTGCGTACTTTTTGGATTTTCTCGCACATGGAGGGAATAAACCGCTGTCCCTGCCCATCGGGCTCACTGGTCATCACCATCACTCCGTCCAGCTCAGACGCCAGATATCGCCAGGCGTCGATC
GGGCAGGG,4548370,4548378,leading,CCGGGTGCTGCTAATGCGGATGCGACCTTCAAGGTTCAGTATCAATAACCTACCCAGGTTCAGGGACGTCATTACGGGCAGGGATGCCCACCCTTGTGCGATAAAAATAACGATGAAAAGGAAGAGATTATTTCTATTAGCGTCGTTGCT
GGGAAGGG,4563782,4563790,leading,CAGAGATGGCGCATTTCACGCCAATCACACGATCGATAATCGCCACGTCTTTTTCCACGGAACCCGTAATGGTGCGGGAAGGGACATGATAAGCGCCGGTCAGCATCCAGGCGCTGATGCCTTCTTCATTGAGCGCACGGGTCTTGGCGA
GGGAAGGG,4600452,4600460,leading,AGTGGCTGAGAATATGACGCACTGTGGTGCGGCTGATGTTGTACATTTCCGCCAGCGCACTTTGCGATGGAAGTGGGGAAGGGATATGACCCCGCGCCATATCATCAATGACCTGGTTAATCACATTGTGGCGTAAATTTTGTGAACGAC
GGGAAGGG,4607859,4607867,leading,CGTTTTTTAATGTTAACAAGCTAAAACCATCAGATTTCATTGAATAAATATTGGTTGTGTGATTTTGCATTCTGCGGGAAGGGATATCATTTAATTATAAATTAAATGAATGTGATTTCTGTTTTTCATTAAGTATTCCTAACAACTTAA
GGGAAGGG,4613103,4613111,leading,GATTACGCAAGTGGTGCTGGATGAAGCTACATTGTTCAATATTGCGGTCGATCCTGACTATCAGCGTCAGGGATTGGGAAGGGCGCTGCTGGAACATCTGATCGACGAACTGGAAAAACGCGGCGTGGCGACACTATGGCTGGAAGTCCG
CCCTTCCC,4616530,4616538,leading,CTCGGTGAAGGGCTACGCGGGTGACACCGCCACCACCAGTGAAATCAAAGCCAAACTGCTGGCGGACGATATCGTCCCTTCCCGTCATGTGAAAGTTGAAACCACCGACGGCGTGGTTCAGCTCTCCGGTACCGTCGATTCTCAGGCACA
GGGGAGGG,4626925,4626933,leading,CGTCTCTGGCAGGAAGAAGATGTGCTCTACGCCCTGACCGTATTTAACGGTGAATATACTGGCGGTTGGTTGGTCGGGGAGGGGAATTATCAGCGATGGATTACTGCACAACACCCTGCGGAAATTCCTCTGGATCAAAAACTCACCCAT
GGGCAGGG,4643388,4643396,leading,ATTGGTGTGGTGAAAGCGCCTGAAGTTAACGGAACGGCGCTGACCATTGAACCCGGCACCGGGTTAGAGCAAGGCGGGCAGGGCGTGCATATCCCTTTACCTGAAGGGGACTGGCGGAAGCAGAACCTGAAGCTGAATATGGCCCTGAAT